,ego,pro
0,1.0,1.0
1,2.0,2.0
2,1.0,8.0
3,1.0,4.0
4,1.0,2.0
5,3.0,6.0
6,3.0,4.0
7,2.0,7.0
8,4.0,4.0
9,2.0,6.0
10,2.0,9.0
11,5.0,12.0
12,3.0,14.0
13,3.0,23.0
14,5.0,16.0
15,4.0,16.0
16,4.0,18.0
17,4.0,21.0
18,6.0,20.0
19,5.0,31.0
20,5.0,22.0
21,6.0,33.0
22,6.0,26.0
23,6.0,28.0
24,7.0,40.0
25,8.0,42.0
26,8.0,41.0
27,8.0,43.0
28,9.0,45.0
29,10.0,44.0
30,10.0,54.0
31,10.0,47.0
32,11.0,46.0
33,12.0,56.0
34,13.0,66.0
35,14.0,67.0
36,15.0,58.0
37,16.0,69.0
38,20.0,69.0
39,17.0,55.0
40,18.0,71.0
41,22.0,54.0
42,18.0,66.0
43,19.0,76.0
44,24.0,78.0
45,22.0,67.0
46,19.0,80.0
47,20.0,83.0
48,26.0,87.0
49,20.0,68.0
50,21.0,90.0
51,27.0,87.0
52,39.0,93.0
53,21.0,86.0
54,28.0,68.0
55,30.0,92.0
56,41.0,90.0
57,22.0,68.0
58,23.0,94.0
59,23.0,51.0
60,29.0,86.0
61,43.0,51.0
62,23.0,101.0
63,24.0,79.0
64,45.0,105.0
65,23.0,83.0
66,31.0,79.0
67,46.0,78.0
68,24.0,109.0
69,24.0,114.0
70,32.0,109.0
71,24.0,99.0
72,33.0,64.0
73,24.0,58.0
74,33.0,109.0
75,24.0,62.0
76,25.0,61.0
77,24.0,62.0
78,25.0,52.0
79,24.0,119.0
80,25.0,70.0
81,24.0,117.0
82,25.0,117.0
83,24.0,105.0
84,25.0,103.0
85,24.0,103.0
86,25.0,103.0
87,24.0,98.0
88,24.0,74.0
89,25.0,96.0
90,24.0,80.0
91,25.0,90.0
92,87.0,69.0
93,25.0,74.0
94,88.0,90.0
95,24.0,84.0
96,24.0,79.0
97,89.0,110.0
98,24.0,75.0
99,24.0,79.0
100,24.0,78.0
101,90.0,68.0
102,77.0,75.0
103,24.0,72.0
104,24.0,69.0
105,24.0,122.0
106,91.0,60.0
107,77.0,80.0
108,24.0,66.0
109,24.0,68.0
110,90.0,130.0
111,77.0,68.0
112,77.0,60.0
113,24.0,91.0
114,91.0,88.0
115,24.0,126.0
116,77.0,91.0
117,24.0,72.0
118,64.0,126.0
119,24.0,125.0
120,24.0,88.0
121,64.0,93.0
122,77.0,51.0
123,24.0,91.0
124,64.0,132.0
125,24.0,133.0
126,77.0,55.0
127,24.0,90.0
128,64.0,100.0
129,24.0,90.0
130,77.0,99.0
131,24.0,97.0
132,64.0,70.0
133,24.0,77.0
134,24.0,94.0
135,24.0,97.0
136,24.0,70.0
137,24.0,70.0
138,24.0,69.0
139,24.0,94.0
140,24.0,69.0
141,24.0,94.0
142,24.0,104.0
143,24.0,67.0
144,24.0,96.0
145,24.0,73.0
146,24.0,77.0
147,24.0,74.0
148,24.0,108.0
149,24.0,74.0
150,24.0,76.0
151,24.0,57.0
152,109.0,114.0
153,24.0,75.0
154,24.0,58.0
155,109.0,106.0
156,24.0,69.0
157,24.0,69.0
158,24.0,66.0
159,24.0,92.0
160,24.0,75.0
161,41.0,92.0
162,24.0,121.0
163,24.0,73.0
164,24.0,73.0
165,41.0,113.0
166,113.0,68.0
167,24.0,99.0
168,41.0,67.0
169,113.0,86.0
170,60.0,65.0
171,24.0,79.0
172,41.0,65.0
173,60.0,65.0
174,24.0,65.0
175,24.0,120.0
176,24.0,64.0
177,41.0,104.0
178,24.0,89.0
179,24.0,88.0
180,60.0,105.0
181,24.0,80.0
182,41.0,102.0
183,60.0,80.0
184,24.0,64.0
185,60.0,80.0
186,24.0,96.0
187,41.0,77.0
188,41.0,59.0
189,24.0,110.0
190,41.0,77.0
191,41.0,54.0
192,24.0,85.0
193,24.0,52.0
194,60.0,104.0
195,60.0,50.0
196,60.0,50.0
197,24.0,104.0
198,31.0,43.0
199,41.0,43.0
200,24.0,43.0
201,24.0,123.0
202,31.0,100.0
203,31.0,114.0
204,41.0,123.0
205,28.0,43.0
206,24.0,121.0
207,24.0,43.0
208,28.0,102.0
209,24.0,113.0
210,24.0,106.0
211,24.0,93.0
212,24.0,51.0
213,31.0,91.0
214,24.0,86.0
215,24.0,86.0
216,24.0,48.0
217,24.0,44.0
218,31.0,94.0
219,24.0,44.0
220,24.0,76.0
221,24.0,136.0
222,31.0,101.0
223,24.0,134.0
224,24.0,79.0
225,24.0,128.0
226,31.0,50.0
227,24.0,98.0
228,24.0,50.0
229,24.0,85.0
230,24.0,50.0
231,31.0,50.0
232,24.0,131.0
233,24.0,50.0
234,31.0,85.0
235,31.0,110.0
236,24.0,52.0
237,31.0,84.0
238,31.0,52.0
239,24.0,57.0
240,24.0,58.0
241,24.0,118.0
242,24.0,58.0
243,24.0,119.0
244,24.0,60.0
245,24.0,58.0
246,24.0,120.0
247,24.0,121.0
248,24.0,62.0
249,24.0,110.0
250,24.0,123.0
251,24.0,102.0
252,24.0,120.0
253,24.0,67.0
254,24.0,102.0
255,24.0,122.0
256,24.0,64.0
257,24.0,94.0
258,24.0,71.0
259,24.0,90.0
260,24.0,118.0
261,24.0,67.0
262,24.0,96.0
263,24.0,66.0
264,24.0,54.0
265,24.0,97.0
266,24.0,88.0
267,24.0,54.0
268,24.0,100.0
269,24.0,92.0
270,24.0,94.0
271,24.0,60.0
272,24.0,96.0
273,24.0,95.0
274,24.0,95.0
275,24.0,90.0
276,24.0,65.0
277,24.0,97.0
278,24.0,65.0
279,24.0,86.0
280,24.0,103.0
281,24.0,63.0
282,24.0,103.0
283,24.0,103.0
284,24.0,74.0
285,24.0,106.0
286,24.0,94.0
287,24.0,81.0
288,24.0,62.0
289,24.0,80.0
290,24.0,115.0
291,24.0,79.0
292,24.0,85.0
293,24.0,64.0
294,24.0,77.0
295,24.0,77.0
296,24.0,121.0
297,24.0,82.0
298,24.0,77.0
299,24.0,79.0
300,24.0,75.0
301,24.0,122.0
302,24.0,81.0
303,24.0,64.0
304,24.0,122.0
305,24.0,83.0
306,24.0,109.0
307,24.0,80.0
308,24.0,73.0
309,24.0,68.0
310,24.0,72.0
311,24.0,70.0
312,24.0,94.0
313,24.0,74.0
314,24.0,106.0
315,24.0,75.0
316,24.0,67.0
317,24.0,70.0
318,24.0,78.0
319,24.0,78.0
320,24.0,80.0
321,24.0,72.0
322,24.0,56.0
323,24.0,72.0
324,24.0,79.0
325,25.0,70.0
326,26.0,68.0
327,27.0,82.0
328,27.0,80.0
329,25.0,71.0
330,26.0,60.0
331,27.0,82.0
332,31.0,59.0
333,25.0,83.0
334,26.0,60.0
335,31.0,60.0
336,25.0,86.0
337,26.0,88.0
338,27.0,89.0
339,31.0,73.0
340,25.0,85.0
341,26.0,72.0
342,27.0,75.0
343,31.0,74.0
344,25.0,74.0
345,26.0,104.0
346,27.0,93.0
347,31.0,77.0
348,31.0,74.0
349,25.0,64.0
350,26.0,107.0
351,27.0,63.0
352,31.0,62.0
353,25.0,107.0
354,26.0,63.0
355,27.0,54.0
356,25.0,107.0
357,26.0,60.0
358,27.0,58.0
359,31.0,54.0
360,25.0,57.0
361,26.0,104.0
362,27.0,102.0
363,31.0,65.0
364,25.0,60.0
365,26.0,75.0
366,27.0,59.0
367,31.0,37.0
368,24.0,38.0
369,24.0,60.0
370,24.0,72.0
371,31.0,58.0
372,24.0,123.0
373,24.0,122.0
374,31.0,79.0
375,24.0,122.0
376,24.0,77.0
377,24.0,61.0
378,24.0,72.0
379,24.0,43.0
380,24.0,70.0
381,24.0,69.0
382,24.0,71.0
383,24.0,66.0
384,24.0,148.0
385,25.0,58.0
386,28.0,66.0
387,24.0,76.0
388,25.0,76.0
389,28.0,71.0
390,24.0,70.0
391,25.0,70.0
392,28.0,82.0
393,24.0,87.0
394,53.0,85.0
395,25.0,87.0
396,29.0,78.0
397,24.0,82.0
398,53.0,73.0
399,53.0,82.0
400,25.0,188.0
401,29.0,84.0
402,24.0,93.0
403,24.0,182.0
404,53.0,86.0
405,25.0,83.0
406,29.0,99.0
407,24.0,189.0
408,25.0,78.0
409,29.0,71.0
410,30.0,194.0
411,53.0,162.0
412,25.0,106.0
413,30.0,110.0
414,25.0,101.0
415,53.0,109.0
416,25.0,110.0
417,25.0,79.0
418,53.0,180.0
419,25.0,100.0
420,25.0,81.0
421,55.0,120.0
422,38.0,108.0
423,29.0,110.0
424,24.0,104.0
425,55.0,93.0
426,24.0,65.0
427,38.0,67.0
428,29.0,92.0
429,24.0,67.0
430,55.0,119.0
431,29.0,112.0
432,24.0,99.0
433,55.0,112.0
434,38.0,105.0
435,29.0,105.0
436,56.0,101.0
437,25.0,100.0
438,41.0,80.0
439,27.0,101.0
440,25.0,81.0
441,35.0,102.0
442,41.0,102.0
443,27.0,69.0
444,25.0,91.0
445,35.0,255.0
446,27.0,119.0
447,25.0,77.0
448,35.0,245.0
449,35.0,98.0
450,41.0,204.0
451,27.0,118.0
452,25.0,204.0
453,35.0,61.0
454,34.0,179.0
455,40.0,124.0
456,27.0,202.0
457,25.0,62.0
458,40.0,49.0
459,27.0,106.0
460,36.0,49.0
461,25.0,104.0
462,40.0,101.0
463,25.0,95.0
464,25.0,57.0
465,26.0,100.0
466,25.0,157.0
467,25.0,158.0
468,25.0,59.0
469,46.0,59.0
470,24.0,79.0
471,25.0,59.0
472,46.0,72.0
473,26.0,53.0
474,25.0,63.0
475,38.0,156.0
476,46.0,53.0
477,25.0,154.0
478,38.0,159.0
479,25.0,60.0
480,25.0,157.0
481,25.0,52.0
482,25.0,132.0
483,38.0,63.0
484,25.0,146.0
485,25.0,138.0
486,31.0,64.0
487,25.0,138.0
488,25.0,68.0
489,31.0,102.0
490,25.0,64.0
491,31.0,94.0
492,25.0,155.0
493,24.0,155.0
494,31.0,159.0
495,25.0,94.0
496,31.0,91.0
497,25.0,106.0
498,89.0,162.0
499,24.0,91.0
500,31.0,107.0
501,45.0,143.0
502,24.0,91.0
503,24.0,101.0
504,45.0,149.0
505,24.0,100.0
506,85.0,93.0
507,24.0,113.0
508,24.0,139.0
509,45.0,92.0
510,85.0,93.0
511,24.0,92.0
512,24.0,93.0
513,45.0,119.0
514,85.0,95.0
515,24.0,143.0
516,24.0,99.0
517,45.0,95.0
518,85.0,94.0
519,24.0,110.0
520,24.0,50.0
521,46.0,91.0
522,80.0,107.0
523,24.0,107.0
524,24.0,107.0
525,80.0,54.0
526,80.0,100.0
527,26.0,41.0
528,80.0,122.0
529,80.0,100.0
530,26.0,118.0
531,31.0,97.0
532,54.0,118.0
533,80.0,59.0
534,26.0,115.0
535,31.0,117.0
536,53.0,115.0
537,26.0,99.0
538,31.0,63.0
539,53.0,112.0
540,53.0,100.0
541,26.0,111.0
542,31.0,67.0
543,53.0,116.0
544,78.0,64.0
545,26.0,101.0
546,31.0,70.0
547,53.0,86.0
548,25.0,108.0
549,26.0,72.0
550,31.0,84.0
551,25.0,105.0
552,25.0,75.0
553,33.0,102.0
554,26.0,75.0
555,31.0,96.0
556,33.0,96.0
557,25.0,99.0
558,26.0,92.0
559,31.0,99.0
560,33.0,76.0
561,26.0,92.0
562,31.0,101.0
563,24.0,89.0
564,32.0,103.0
565,26.0,95.0
566,24.0,86.0
567,31.0,89.0
568,33.0,86.0
569,24.0,105.0
570,24.0,91.0
571,31.0,94.0
572,24.0,85.0
573,32.0,65.0
574,24.0,85.0
575,24.0,93.0
576,31.0,58.0
577,24.0,60.0
578,24.0,73.0
579,24.0,98.0
580,24.0,74.0
581,24.0,99.0
582,24.0,58.0
583,24.0,106.0
584,24.0,55.0
585,24.0,55.0
586,24.0,119.0
587,24.0,61.0
588,24.0,113.0
589,24.0,110.0
590,24.0,105.0
591,24.0,68.0
592,24.0,67.0
593,24.0,113.0
594,24.0,142.0
595,24.0,49.0
596,24.0,101.0
597,24.0,49.0
598,24.0,102.0
599,24.0,100.0
600,24.0,51.0
601,24.0,51.0
602,24.0,46.0
603,24.0,135.0
604,24.0,128.0
605,24.0,115.0
606,24.0,93.0
607,24.0,93.0
608,24.0,93.0
609,24.0,90.0
610,24.0,149.0
611,24.0,139.0
612,24.0,121.0
613,24.0,121.0
614,24.0,146.0
615,24.0,81.0
616,24.0,120.0
617,24.0,148.0
618,24.0,84.0
619,24.0,134.0
620,24.0,84.0
621,24.0,119.0
622,24.0,123.0
623,24.0,97.0
624,24.0,97.0
625,24.0,88.0
626,24.0,90.0
627,24.0,141.0
628,24.0,141.0
629,24.0,134.0
630,24.0,134.0
631,24.0,95.0
632,24.0,125.0
633,24.0,123.0
634,24.0,96.0
635,24.0,106.0
636,24.0,102.0
637,24.0,123.0
638,24.0,87.0
639,24.0,89.0
640,24.0,96.0
641,24.0,96.0
642,24.0,92.0
643,24.0,77.0
644,24.0,77.0
645,25.0,102.0
646,24.0,56.0
647,24.0,55.0
648,25.0,103.0
649,24.0,88.0
650,27.0,58.0
651,24.0,115.0
652,24.0,113.0
653,27.0,94.0
654,24.0,94.0
655,25.0,116.0
656,24.0,94.0
657,27.0,131.0
658,24.0,112.0
659,24.0,73.0
660,30.0,75.0
661,31.0,72.0
662,27.0,131.0
663,30.0,77.0
664,30.0,53.0
665,31.0,55.0
666,27.0,73.0
667,24.0,57.0
668,30.0,79.0
669,31.0,58.0
670,27.0,79.0
671,24.0,68.0
672,31.0,87.0
673,27.0,66.0
674,24.0,68.0
675,27.0,68.0
676,24.0,129.0
677,30.0,75.0
678,31.0,120.0
679,27.0,69.0
680,24.0,69.0
681,30.0,123.0
682,30.0,88.0
683,31.0,124.0
684,27.0,72.0
685,24.0,127.0
686,24.0,72.0
687,30.0,66.0
688,31.0,66.0
689,31.0,88.0
690,31.0,134.0
691,27.0,96.0
692,24.0,73.0
693,24.0,76.0
694,30.0,129.0
695,27.0,98.0
696,30.0,73.0
697,30.0,98.0
698,30.0,76.0
699,27.0,73.0
700,30.0,74.0
701,30.0,71.0
702,24.0,76.0
703,24.0,68.0
704,24.0,61.0
705,24.0,69.0
706,24.0,61.0
707,24.0,146.0
708,24.0,115.0
709,24.0,68.0
710,24.0,72.0
711,24.0,155.0
712,24.0,68.0
713,24.0,48.0
714,24.0,155.0
715,24.0,51.0
716,24.0,120.0
717,24.0,53.0
718,24.0,116.0
719,24.0,83.0
720,24.0,56.0
721,24.0,57.0
722,24.0,47.0
723,24.0,88.0
724,24.0,157.0
725,24.0,87.0
726,24.0,45.0
727,24.0,89.0
728,24.0,150.0
729,24.0,49.0
730,24.0,79.0
731,24.0,117.0
732,24.0,161.0
733,24.0,88.0
734,24.0,65.0
735,24.0,54.0
736,24.0,126.0
737,24.0,54.0
738,24.0,110.0
739,24.0,107.0
740,24.0,109.0
741,24.0,109.0
742,24.0,110.0
743,24.0,68.0
744,24.0,109.0
745,24.0,70.0
746,24.0,196.0
747,31.0,193.0
748,24.0,101.0
749,26.0,184.0
750,26.0,95.0
751,26.0,84.0
752,24.0,132.0
753,26.0,132.0
754,26.0,82.0
755,24.0,187.0
756,24.0,187.0
757,26.0,104.0
758,26.0,89.0
759,31.0,163.0
760,24.0,104.0
761,26.0,144.0
762,26.0,103.0
763,31.0,103.0
764,26.0,92.0
765,31.0,149.0
766,24.0,92.0
767,26.0,144.0
768,26.0,96.0
769,26.0,188.0
770,31.0,96.0
771,24.0,93.0
772,26.0,173.0
773,26.0,89.0
774,31.0,164.0
775,24.0,115.0
776,26.0,128.0
777,31.0,66.0
778,31.0,52.0
779,24.0,52.0
780,26.0,34.0
781,26.0,102.0
782,26.0,141.0
783,31.0,34.0
784,24.0,102.0
785,26.0,133.0
786,26.0,36.0
787,24.0,103.0
788,24.0,125.0
789,26.0,38.0
790,31.0,149.0
791,24.0,146.0
792,24.0,44.0
793,24.0,100.0
794,31.0,116.0
795,24.0,45.0
796,24.0,100.0
797,24.0,116.0
798,31.0,44.0
799,24.0,42.0
800,24.0,119.0
801,24.0,152.0
802,24.0,40.0
803,24.0,153.0
804,24.0,40.0
805,24.0,114.0
806,25.0,146.0
807,24.0,102.0
808,24.0,42.0
809,24.0,137.0
810,25.0,97.0
811,25.0,42.0
812,24.0,126.0
813,24.0,98.0
814,25.0,74.0
815,24.0,124.0
816,24.0,75.0
817,25.0,124.0
818,25.0,75.0
819,24.0,132.0
820,24.0,113.0
821,25.0,71.0
822,24.0,129.0
823,24.0,104.0
824,25.0,126.0
825,30.0,100.0
826,25.0,80.0
827,25.0,101.0
828,30.0,65.0
829,25.0,76.0
830,30.0,71.0
831,24.0,69.0
832,30.0,66.0
833,24.0,59.0
834,25.0,95.0
835,30.0,57.0
836,24.0,93.0
837,25.0,91.0
838,30.0,91.0
839,24.0,50.0
840,25.0,89.0
841,30.0,88.0
842,56.0,90.0
843,24.0,77.0
844,24.0,83.0
845,24.0,75.0
846,30.0,57.0
847,56.0,74.0
848,24.0,60.0
849,24.0,74.0
850,30.0,79.0
851,56.0,63.0
852,24.0,59.0
853,30.0,63.0
854,56.0,62.0
855,24.0,60.0
856,24.0,60.0
857,24.0,54.0
858,30.0,46.0
859,56.0,99.0
860,24.0,45.0
861,25.0,99.0
862,30.0,72.0
863,56.0,45.0
864,24.0,72.0
865,25.0,72.0
866,24.0,72.0
867,25.0,45.0
868,63.0,108.0
869,24.0,72.0
870,25.0,47.0
871,63.0,93.0
872,25.0,55.0
873,24.0,41.0
874,25.0,90.0
875,62.0,33.0
876,26.0,33.0
877,25.0,95.0
878,62.0,33.0
879,45.0,33.0
880,26.0,94.0
881,26.0,98.0
882,25.0,78.0
883,62.0,78.0
884,45.0,99.0
885,26.0,183.0
886,25.0,81.0
887,62.0,183.0
888,45.0,77.0
889,25.0,87.0
890,26.0,66.0
891,46.0,66.0
892,25.0,94.0
893,36.0,93.0
894,26.0,205.0
895,46.0,77.0
896,24.0,207.0
897,36.0,77.0
898,26.0,208.0
899,46.0,208.0
900,24.0,80.0
901,36.0,88.0
902,46.0,207.0
903,26.0,82.0
904,46.0,82.0
905,24.0,162.0
906,36.0,84.0
907,26.0,89.0
908,46.0,128.0
909,24.0,163.0
910,37.0,120.0
911,26.0,87.0
912,37.0,111.0
913,26.0,167.0
914,24.0,87.0
915,46.0,93.0
916,34.0,111.0
917,24.0,99.0
918,30.0,111.0
919,46.0,94.0
920,34.0,92.0
921,30.0,112.0
922,46.0,91.0
923,34.0,181.0
924,30.0,182.0
925,25.0,80.0
926,34.0,124.0
927,24.0,109.0
928,24.0,98.0
929,31.0,121.0
930,25.0,104.0
931,34.0,101.0
932,24.0,86.0
933,31.0,78.0
934,24.0,78.0
935,34.0,94.0
936,24.0,112.0
937,31.0,70.0
938,34.0,94.0
939,34.0,112.0
940,24.0,41.0
941,26.0,98.0
942,24.0,72.0
943,25.0,41.0
944,34.0,80.0
945,24.0,94.0
946,27.0,40.0
947,25.0,80.0
948,24.0,75.0
949,27.0,41.0
950,34.0,70.0
951,34.0,76.0
952,24.0,43.0
953,26.0,69.0
954,25.0,106.0
955,24.0,77.0
956,34.0,74.0
957,24.0,74.0
958,26.0,93.0
959,25.0,70.0
960,25.0,66.0
961,24.0,81.0
962,26.0,56.0
963,25.0,100.0
964,24.0,57.0
965,24.0,91.0
966,26.0,57.0
967,24.0,84.0
968,24.0,46.0
969,26.0,84.0
970,25.0,39.0
971,26.0,36.0
972,26.0,103.0
973,24.0,89.0
974,26.0,37.0
975,26.0,79.0
976,26.0,109.0
977,24.0,35.0
978,24.0,103.0
979,24.0,44.0
980,24.0,89.0
981,24.0,91.0
982,24.0,72.0
983,26.0,93.0
984,25.0,94.0
985,24.0,93.0
986,24.0,79.0
987,26.0,93.0
988,26.0,77.0
989,25.0,90.0
990,24.0,76.0
991,25.0,58.0
992,24.0,58.0
993,25.0,56.0
994,25.0,58.0
995,24.0,55.0
996,26.0,49.0
997,24.0,115.0
998,25.0,55.0
999,25.0,59.0
1000,26.0,59.0
1001,24.0,119.0
1002,25.0,56.0
1003,26.0,106.0
1004,25.0,117.0
1005,24.0,57.0
1006,25.0,58.0
1007,26.0,52.0
1008,24.0,58.0
1009,24.0,52.0
1010,25.0,114.0
1011,25.0,52.0
1012,25.0,42.0
1013,24.0,65.0
1014,25.0,41.0
1015,26.0,61.0
1016,25.0,39.0
1017,24.0,64.0
1018,25.0,131.0
1019,25.0,41.0
1020,24.0,151.0
1021,24.0,58.0
1022,25.0,41.0
1023,25.0,132.0
1024,24.0,151.0
1025,24.0,44.0
1026,24.0,43.0
1027,25.0,119.0
1028,24.0,49.0
1029,24.0,93.0
1030,24.0,161.0
1031,28.0,52.0
1032,24.0,158.0
1033,32.0,53.0
1034,32.0,44.0
1035,24.0,158.0
1036,28.0,53.0
1037,24.0,135.0
1038,32.0,44.0
1039,24.0,104.0
1040,28.0,60.0
1041,24.0,51.0
1042,24.0,125.0
1043,24.0,103.0
1044,28.0,103.0
1045,24.0,56.0
1046,31.0,125.0
1047,24.0,120.0
1048,24.0,65.0
1049,28.0,64.0
1050,31.0,121.0
1051,24.0,67.0
1052,28.0,129.0
1053,24.0,126.0
1054,31.0,97.0
1055,31.0,67.0
1056,28.0,114.0
1057,24.0,97.0
1058,24.0,98.0
1059,31.0,112.0
1060,24.0,90.0
1061,28.0,88.0
1062,28.0,118.0
1063,24.0,88.0
1064,24.0,128.0
1065,28.0,89.0
1066,31.0,101.0
1067,24.0,81.0
1068,24.0,118.0
1069,31.0,99.0
1070,24.0,81.0
1071,25.0,108.0
1072,28.0,89.0
1073,24.0,108.0
1074,31.0,112.0
1075,24.0,111.0
1076,24.0,109.0
1077,28.0,98.0
1078,24.0,89.0
1079,31.0,98.0
1080,24.0,110.0
1081,24.0,82.0
1082,24.0,98.0
1083,24.0,116.0
1084,24.0,95.0
1085,25.0,120.0
1086,24.0,92.0
1087,24.0,114.0
1088,24.0,90.0
1089,24.0,114.0
1090,24.0,74.0
1091,24.0,96.0
1092,24.0,69.0
1093,24.0,96.0
1094,24.0,48.0
1095,24.0,96.0
1096,24.0,87.0
1097,24.0,53.0
1098,24.0,130.0
1099,24.0,87.0
1100,24.0,59.0
1101,24.0,136.0
1102,24.0,84.0
1103,24.0,98.0
1104,24.0,126.0
1105,24.0,71.0
1106,24.0,120.0
1107,24.0,63.0
1108,24.0,62.0
1109,24.0,120.0
1110,24.0,106.0
1111,24.0,55.0
1112,24.0,106.0
1113,24.0,120.0
1114,24.0,105.0
1115,24.0,105.0
1116,24.0,55.0
1117,24.0,52.0
1118,24.0,127.0
1119,24.0,86.0
1120,24.0,99.0
1121,24.0,84.0
1122,24.0,77.0
1123,24.0,46.0
1124,24.0,79.0
1125,24.0,68.0
1126,27.0,100.0
1127,26.0,100.0
1128,26.0,91.0
1129,24.0,104.0
1130,27.0,47.0
1131,31.0,91.0
1132,26.0,92.0
1133,31.0,65.0
1134,24.0,90.0
1135,27.0,65.0
1136,31.0,107.0
1137,24.0,46.0
1138,27.0,64.0
1139,26.0,108.0
1140,31.0,46.0
1141,24.0,48.0
1142,27.0,114.0
1143,31.0,65.0
1144,26.0,106.0
1145,24.0,75.0
1146,27.0,66.0
1147,27.0,71.0
1148,26.0,110.0
1149,24.0,60.0
1150,27.0,72.0
1151,27.0,64.0
1152,31.0,110.0
1153,26.0,60.0
1154,24.0,108.0
1155,31.0,60.0
1156,26.0,46.0
1157,24.0,46.0
1158,27.0,84.0
1159,31.0,117.0
1160,26.0,103.0
1161,31.0,109.0
1162,24.0,79.0
1163,27.0,54.0
1164,31.0,83.0
1165,26.0,57.0
1166,24.0,84.0
1167,26.0,59.0
1168,25.0,73.0
1169,24.0,87.0
1170,28.0,75.0
1171,32.0,66.0
1172,25.0,108.0
1173,25.0,103.0
1174,24.0,103.0
1175,32.0,72.0
1176,26.0,103.0
1177,24.0,72.0
1178,25.0,74.0
1179,26.0,103.0
1180,24.0,93.0
1181,25.0,82.0
1182,26.0,80.0
1183,25.0,85.0
1184,26.0,79.0
1185,25.0,63.0
1186,25.0,89.0
1187,33.0,62.0
1188,26.0,118.0
1189,25.0,82.0
1190,33.0,62.0
1191,33.0,119.0
1192,26.0,86.0
1193,33.0,81.0
1194,44.0,66.0
1195,26.0,81.0
1196,25.0,58.0
1197,44.0,127.0
1198,26.0,62.0
1199,25.0,86.0
1200,33.0,93.0
1201,44.0,101.0
1202,24.0,93.0
1203,26.0,60.0
1204,25.0,102.0
1205,33.0,80.0
1206,44.0,60.0
1207,26.0,104.0
1208,24.0,48.0
1209,33.0,94.0
1210,44.0,109.0
1211,26.0,45.0
1212,26.0,48.0
1213,33.0,69.0
1214,44.0,99.0
1215,26.0,72.0
1216,24.0,101.0
1217,32.0,74.0
1218,44.0,75.0
1219,24.0,66.0
1220,24.0,133.0
1221,31.0,75.0
1222,44.0,131.0
1223,24.0,64.0
1224,24.0,71.0
1225,31.0,63.0
1226,43.0,71.0
1227,24.0,55.0
1228,29.0,50.0
1229,43.0,138.0
1230,24.0,48.0
1231,24.0,78.0
1232,24.0,134.0
1233,43.0,50.0
1234,24.0,112.0
1235,24.0,104.0
1236,24.0,103.0
1237,43.0,154.0
1238,24.0,97.0
1239,24.0,107.0
1240,24.0,100.0
1241,24.0,110.0
1242,24.0,95.0
1243,24.0,109.0
1244,26.0,105.0
1245,28.0,89.0
1246,24.0,107.0
1247,26.0,54.0
1248,28.0,45.0
1249,28.0,105.0
1250,24.0,42.0
1251,24.0,105.0
1252,28.0,99.0
1253,26.0,41.0
1254,28.0,101.0
1255,24.0,101.0
1256,24.0,207.0
1257,26.0,102.0
1258,24.0,101.0
1259,24.0,57.0
1260,26.0,117.0
1261,28.0,101.0
1262,24.0,63.0
1263,24.0,228.0
1264,26.0,100.0
1265,28.0,96.0
1266,24.0,225.0
1267,24.0,70.0
1268,26.0,61.0
1269,24.0,125.0
1270,24.0,61.0
1271,24.0,222.0
1272,26.0,229.0
1273,24.0,121.0
1274,24.0,121.0
1275,29.0,89.0
1276,24.0,122.0
1277,27.0,210.0
1278,24.0,198.0
1279,29.0,76.0
1280,24.0,199.0
1281,27.0,76.0
1282,24.0,202.0
1283,29.0,78.0
1284,24.0,103.0
1285,25.0,103.0
1286,27.0,100.0
1287,24.0,147.0
1288,29.0,90.0
1289,25.0,189.0
1290,24.0,150.0
1291,29.0,91.0
1292,25.0,152.0
1293,25.0,142.0
1294,24.0,95.0
1295,24.0,195.0
1296,24.0,95.0
1297,25.0,141.0
1298,25.0,106.0
1299,24.0,106.0
1300,25.0,102.0
1301,24.0,98.0
1302,25.0,84.0
1303,24.0,78.0
1304,24.0,113.0
1305,25.0,91.0
1306,24.0,113.0
1307,24.0,111.0
1308,24.0,112.0
1309,25.0,93.0
1310,25.0,96.0
1311,24.0,85.0
1312,25.0,85.0
1313,25.0,100.0
1314,24.0,151.0
1315,25.0,87.0
1316,25.0,113.0
1317,24.0,132.0
1318,24.0,126.0
1319,24.0,111.0
1320,24.0,98.0
1321,24.0,126.0
1322,24.0,97.0
1323,24.0,94.0
1324,24.0,90.0
1325,24.0,78.0
1326,24.0,101.0
1327,24.0,67.0
1328,24.0,98.0
1329,24.0,82.0
1330,24.0,136.0
1331,24.0,135.0
1332,24.0,158.0
1333,24.0,128.0
1334,24.0,110.0
1335,24.0,110.0
1336,24.0,82.0
1337,24.0,72.0
1338,24.0,73.0
1339,25.0,98.0
1340,26.0,93.0
1341,25.0,108.0
1342,26.0,110.0
1343,32.0,57.0
1344,25.0,57.0
1345,26.0,93.0
1346,32.0,55.0
1347,25.0,167.0
1348,26.0,88.0
1349,32.0,45.0
1350,25.0,150.0
1351,26.0,103.0
1352,32.0,94.0
1353,45.0,51.0
1354,25.0,96.0
1355,26.0,51.0
1356,32.0,157.0
1357,45.0,97.0
1358,25.0,88.0
1359,26.0,156.0
1360,45.0,82.0
1361,25.0,153.0
1362,26.0,65.0
1363,45.0,65.0
1364,25.0,110.0
1365,38.0,83.0
1366,25.0,67.0
1367,26.0,84.0
1368,45.0,155.0
1369,25.0,83.0
1370,38.0,157.0
1371,27.0,67.0
1372,45.0,76.0
1373,38.0,89.0
1374,27.0,65.0
1375,45.0,72.0
1376,24.0,72.0
1377,24.0,94.0
1378,38.0,72.0
1379,25.0,64.0
1380,45.0,95.0
1381,24.0,133.0
1382,38.0,72.0
1383,38.0,135.0
1384,25.0,83.0
1385,45.0,135.0
1386,38.0,82.0
1387,30.0,86.0
1388,25.0,82.0
1389,24.0,67.0
1390,25.0,144.0
1391,24.0,99.0
1392,25.0,71.0
1393,30.0,56.0
1394,24.0,85.0
1395,25.0,68.0
1396,30.0,89.0
1397,24.0,80.0
1398,31.0,60.0
1399,25.0,107.0
1400,31.0,113.0
1401,25.0,81.0
1402,26.0,114.0
1403,65.0,115.0
1404,27.0,79.0
1405,25.0,72.0
1406,65.0,110.0
1407,27.0,114.0
1408,25.0,108.0
1409,25.0,64.0
1410,65.0,72.0
1411,25.0,84.0
1412,25.0,64.0
1413,44.0,115.0
1414,26.0,80.0
1415,25.0,59.0
1416,25.0,64.0
1417,44.0,64.0
1418,26.0,61.0
1419,25.0,52.0
1420,25.0,123.0
1421,25.0,58.0
1422,44.0,66.0
1423,26.0,106.0
1424,25.0,59.0
1425,25.0,51.0
1426,25.0,51.0
1427,26.0,49.0
1428,44.0,51.0
1429,26.0,156.0
1430,25.0,47.0
1431,44.0,47.0
1432,26.0,154.0
1433,25.0,145.0
1434,44.0,122.0
1435,27.0,141.0
1436,25.0,120.0
1437,44.0,131.0
1438,27.0,114.0
1439,27.0,72.0
1440,25.0,126.0
1441,44.0,71.0
1442,27.0,109.0
1443,24.0,52.0
1444,44.0,69.0
1445,26.0,111.0
1446,25.0,61.0
1447,24.0,78.0
1448,24.0,60.0
1449,26.0,77.0
1450,24.0,51.0
1451,26.0,72.0
1452,35.0,59.0
1453,26.0,66.0
1454,35.0,72.0
1455,35.0,139.0
1456,36.0,66.0
1457,26.0,31.0
1458,35.0,65.0
1459,36.0,58.0
1460,36.0,59.0
1461,26.0,59.0
1462,36.0,40.0
1463,26.0,38.0
1464,35.0,58.0
1465,40.0,84.0
1466,26.0,61.0
1467,35.0,160.0
1468,40.0,80.0
1469,36.0,152.0
1470,26.0,134.0
1471,35.0,88.0
1472,40.0,122.0
1473,36.0,119.0
1474,25.0,115.0
1475,35.0,104.0
1476,35.0,66.0
1477,40.0,101.0
1478,36.0,81.0
1479,25.0,70.0
1480,35.0,71.0
1481,40.0,113.0
1482,36.0,113.0
1483,25.0,113.0
1484,40.0,97.0
1485,34.0,98.0
1486,40.0,98.0
1487,24.0,102.0
1488,35.0,69.0
1489,40.0,132.0
1490,34.0,91.0
1491,24.0,41.0
1492,24.0,41.0
1493,35.0,95.0
1494,34.0,112.0
1495,24.0,95.0
1496,24.0,51.0
1497,35.0,133.0
1498,24.0,51.0
1499,40.0,119.0
1500,24.0,93.0
1501,24.0,92.0
1502,40.0,112.0
1503,24.0,108.0
1504,24.0,127.0
1505,24.0,127.0
1506,24.0,100.0
1507,40.0,127.0
1508,24.0,121.0
1509,24.0,132.0
1510,40.0,121.0
1511,24.0,134.0
1512,24.0,102.0
1513,24.0,98.0
1514,24.0,121.0
1515,24.0,137.0
1516,24.0,94.0
1517,24.0,117.0
1518,24.0,94.0
1519,24.0,115.0
1520,24.0,90.0
1521,24.0,137.0
1522,24.0,90.0
1523,24.0,83.0
1524,24.0,137.0
1525,24.0,90.0
1526,24.0,74.0
1527,24.0,86.0
1528,24.0,86.0
1529,24.0,68.0
1530,24.0,126.0
1531,24.0,78.0
1532,24.0,67.0
1533,24.0,126.0
1534,24.0,59.0
1535,24.0,59.0
1536,24.0,127.0
1537,24.0,128.0
1538,24.0,111.0
1539,24.0,111.0
1540,24.0,111.0
1541,24.0,111.0
1542,24.0,119.0
1543,24.0,111.0
1544,24.0,109.0
1545,24.0,101.0
1546,24.0,123.0
1547,24.0,98.0
1548,24.0,101.0
1549,24.0,81.0
1550,24.0,96.0
1551,24.0,130.0
1552,24.0,84.0
1553,24.0,84.0
1554,24.0,65.0
1555,24.0,81.0
1556,24.0,107.0
1557,24.0,41.0
1558,24.0,82.0
1559,24.0,107.0
1560,24.0,131.0
1561,24.0,102.0
1562,24.0,51.0
1563,24.0,50.0
1564,24.0,104.0
1565,24.0,107.0
1566,24.0,57.0
1567,24.0,97.0
1568,24.0,58.0
1569,24.0,99.0
1570,24.0,155.0
1571,24.0,95.0
1572,24.0,151.0
1573,24.0,130.0
1574,24.0,68.0
1575,24.0,69.0
1576,24.0,132.0
1577,24.0,124.0
1578,24.0,137.0
1579,24.0,135.0
1580,24.0,130.0
1581,24.0,89.0
1582,24.0,133.0
1583,24.0,130.0
1584,24.0,129.0
1585,24.0,129.0
1586,24.0,150.0
1587,24.0,99.0
1588,24.0,129.0
1589,24.0,145.0
1590,24.0,90.0
1591,24.0,110.0
1592,24.0,92.0
1593,24.0,113.0
1594,24.0,153.0
1595,24.0,114.0
1596,24.0,111.0
1597,24.0,105.0
1598,24.0,107.0
1599,24.0,115.0
1600,24.0,139.0
1601,24.0,107.0
1602,24.0,112.0
1603,24.0,136.0
1604,24.0,80.0
1605,24.0,79.0
1606,24.0,121.0
1607,24.0,140.0
1608,24.0,111.0
1609,24.0,79.0
1610,24.0,111.0
1611,24.0,75.0
1612,24.0,128.0
1613,24.0,133.0
1614,24.0,74.0
1615,24.0,103.0
1616,24.0,132.0
1617,24.0,101.0
1618,24.0,75.0
1619,24.0,96.0
1620,24.0,79.0
1621,24.0,54.0
1622,24.0,84.0
1623,24.0,51.0
1624,24.0,100.0
1625,24.0,38.0
1626,24.0,140.0
1627,24.0,78.0
1628,24.0,39.0
1629,24.0,78.0
1630,24.0,87.0
1631,24.0,77.0
1632,24.0,151.0
1633,24.0,86.0
1634,24.0,61.0
1635,24.0,86.0
1636,24.0,61.0
1637,24.0,86.0
1638,24.0,53.0
1639,24.0,48.0
1640,24.0,164.0
1641,24.0,41.0
1642,24.0,161.0
1643,24.0,74.0
1644,24.0,99.0
1645,24.0,164.0
1646,24.0,65.0
1647,24.0,100.0
1648,24.0,67.0
1649,24.0,59.0
1650,24.0,80.0
1651,24.0,173.0
1652,24.0,66.0
1653,24.0,80.0
1654,24.0,120.0
1655,24.0,97.0
1656,24.0,73.0
1657,24.0,67.0
1658,24.0,59.0
1659,24.0,64.0
1660,24.0,93.0
1661,24.0,59.0
1662,24.0,61.0
1663,24.0,96.0
1664,24.0,54.0
1665,24.0,61.0
1666,24.0,55.0
1667,24.0,99.0
1668,24.0,56.0
1669,24.0,56.0
1670,24.0,60.0
1671,24.0,56.0
1672,24.0,46.0
1673,24.0,102.0
1674,24.0,106.0
1675,24.0,43.0
1676,24.0,102.0
1677,24.0,60.0
1678,24.0,108.0
1679,24.0,87.0
1680,24.0,63.0
1681,24.0,111.0
1682,24.0,77.0
1683,24.0,111.0
1684,24.0,50.0
1685,24.0,118.0
1686,24.0,44.0
1687,24.0,78.0
1688,24.0,44.0
1689,24.0,74.0
1690,24.0,44.0
1691,24.0,84.0
1692,24.0,43.0
1693,24.0,66.0
1694,24.0,63.0
1695,24.0,49.0
1696,24.0,96.0
1697,24.0,141.0
1698,24.0,49.0
1699,24.0,140.0
1700,24.0,46.0
1701,24.0,96.0
1702,24.0,131.0
1703,24.0,42.0
1704,24.0,87.0
1705,24.0,42.0
1706,24.0,115.0
1707,24.0,79.0
1708,24.0,42.0
1709,24.0,79.0
1710,24.0,42.0
1711,24.0,87.0
1712,24.0,77.0
1713,24.0,86.0
1714,24.0,77.0
1715,24.0,91.0
1716,24.0,79.0
1717,24.0,75.0
1718,24.0,78.0
1719,24.0,126.0
1720,24.0,78.0
1721,24.0,126.0
1722,24.0,81.0
1723,24.0,81.0
1724,24.0,87.0
1725,24.0,77.0
1726,24.0,93.0
1727,24.0,63.0
1728,24.0,90.0
1729,24.0,86.0
1730,24.0,57.0
1731,24.0,56.0
1732,24.0,87.0
1733,24.0,86.0
1734,24.0,84.0
1735,24.0,80.0
1736,24.0,94.0
1737,24.0,57.0
1738,24.0,83.0
1739,24.0,83.0
1740,24.0,81.0
1741,24.0,83.0
1742,24.0,77.0
1743,24.0,68.0
1744,24.0,71.0
1745,24.0,71.0
1746,24.0,81.0
1747,24.0,72.0
1748,24.0,65.0
1749,24.0,69.0
1750,24.0,64.0
1751,24.0,77.0
1752,24.0,90.0
1753,24.0,77.0
1754,24.0,82.0
1755,24.0,65.0
1756,24.0,76.0
1757,24.0,75.0
1758,24.0,64.0
1759,24.0,75.0
1760,24.0,64.0
1761,24.0,74.0
1762,24.0,74.0
1763,24.0,104.0
1764,24.0,98.0
1765,24.0,81.0
1766,24.0,96.0
1767,24.0,81.0
1768,24.0,97.0
1769,24.0,146.0
1770,24.0,146.0
1771,24.0,146.0
1772,24.0,80.0
1773,24.0,146.0
1774,24.0,82.0
1775,24.0,146.0
1776,24.0,145.0
1777,24.0,55.0
1778,24.0,115.0
1779,24.0,104.0
1780,24.0,104.0
1781,24.0,126.0
1782,24.0,117.0
1783,24.0,126.0
1784,24.0,117.0
1785,24.0,107.0
1786,24.0,103.0
1787,24.0,121.0
1788,24.0,140.0
1789,24.0,121.0
1790,24.0,109.0
1791,24.0,140.0
1792,24.0,117.0
1793,24.0,116.0
1794,24.0,143.0
1795,24.0,125.0
1796,24.0,115.0
1797,24.0,101.0
1798,26.0,76.0
1799,24.0,103.0
1800,24.0,76.0
1801,24.0,103.0
1802,26.0,66.0
1803,24.0,74.0
1804,31.0,105.0
1805,24.0,71.0
1806,24.0,49.0
1807,26.0,101.0
1808,31.0,101.0
1809,24.0,165.0
1810,26.0,80.0
1811,31.0,56.0
1812,24.0,165.0
1813,26.0,104.0
1814,24.0,61.0
1815,31.0,102.0
1816,24.0,149.0
1817,24.0,105.0
1818,26.0,99.0
1819,31.0,96.0
1820,24.0,101.0
1821,31.0,93.0
1822,27.0,101.0
1823,31.0,91.0
1824,27.0,104.0
1825,24.0,47.0
1826,24.0,87.0
1827,31.0,46.0
1828,27.0,83.0
1829,27.0,90.0
1830,24.0,48.0
1831,24.0,189.0
1832,31.0,86.0
1833,27.0,86.0
1834,31.0,59.0
1835,24.0,82.0
1836,24.0,83.0
1837,31.0,68.0
1838,25.0,108.0
1839,31.0,85.0
1840,25.0,69.0
1841,24.0,85.0
1842,24.0,210.0
1843,24.0,61.0
1844,25.0,116.0
1845,24.0,59.0
1846,25.0,114.0
1847,24.0,59.0
1848,24.0,60.0
1849,25.0,57.0
1850,24.0,119.0
1851,24.0,58.0
1852,25.0,119.0
1853,24.0,86.0
1854,69.0,58.0
1855,24.0,244.0
1856,24.0,105.0
1857,24.0,55.0
1858,69.0,244.0
1859,24.0,86.0
1860,24.0,134.0
1861,69.0,62.0
1862,24.0,86.0
1863,24.0,48.0
1864,24.0,79.0
1865,69.0,138.0
1866,24.0,198.0
1867,24.0,81.0
1868,70.0,198.0
1869,24.0,75.0
1870,24.0,56.0
1871,70.0,145.0
1872,70.0,59.0
1873,24.0,191.0
1874,24.0,138.0
1875,70.0,59.0
1876,70.0,195.0
1877,24.0,54.0
1878,24.0,133.0
1879,38.0,62.0
1880,24.0,185.0
1881,24.0,163.0
1882,38.0,101.0
1883,24.0,101.0
1884,24.0,66.0
1885,24.0,101.0
1886,38.0,97.0
1887,24.0,55.0
1888,71.0,49.0
1889,24.0,100.0
1890,38.0,49.0
1891,71.0,49.0
1892,24.0,173.0
1893,38.0,102.0
1894,71.0,89.0
1895,24.0,49.0
1896,38.0,170.0
1897,26.0,103.0
1898,38.0,92.0
1899,35.0,56.0
1900,26.0,92.0
1901,24.0,93.0
1902,38.0,142.0
1903,38.0,89.0
1904,35.0,117.0
1905,26.0,82.0
1906,24.0,62.0
1907,24.0,94.0
1908,38.0,89.0
1909,38.0,76.0
1910,35.0,88.0
1911,25.0,102.0
1912,24.0,102.0
1913,35.0,79.0
1914,35.0,93.0
1915,25.0,94.0
1916,35.0,84.0
1917,35.0,95.0
1918,25.0,117.0
1919,24.0,100.0
1920,38.0,91.0
1921,25.0,89.0
1922,24.0,99.0
1923,24.0,79.0
1924,24.0,94.0
1925,25.0,107.0
1926,24.0,102.0
1927,24.0,100.0
1928,35.0,103.0
1929,24.0,84.0
1930,24.0,82.0
1931,35.0,80.0
1932,24.0,113.0
1933,26.0,84.0
1934,24.0,112.0
1935,35.0,120.0
1936,24.0,114.0
1937,26.0,118.0
1938,26.0,114.0
1939,24.0,115.0
1940,35.0,117.0
1941,24.0,97.0
1942,26.0,95.0
1943,24.0,121.0
1944,35.0,122.0
1945,24.0,119.0
1946,24.0,90.0
1947,24.0,80.0
1948,24.0,174.0
1949,24.0,82.0
1950,26.0,129.0
1951,24.0,169.0
1952,24.0,82.0
1953,24.0,144.0
1954,24.0,141.0
1955,24.0,123.0
1956,26.0,99.0
1957,24.0,89.0
1958,24.0,149.0
1959,26.0,72.0
1960,24.0,149.0
1961,24.0,124.0
1962,24.0,71.0
1963,26.0,104.0
1964,24.0,66.0
1965,24.0,95.0
1966,24.0,95.0
1967,24.0,149.0
1968,26.0,71.0
1969,24.0,151.0
1970,24.0,63.0
1971,26.0,63.0
1972,24.0,143.0
1973,24.0,63.0
1974,24.0,142.0
1975,26.0,108.0
1976,24.0,108.0
1977,24.0,64.0
1978,24.0,108.0
1979,26.0,144.0
1980,24.0,71.0
1981,24.0,145.0
1982,24.0,64.0
1983,24.0,147.0
1984,24.0,122.0
1985,24.0,112.0
1986,24.0,64.0
1987,24.0,113.0
1988,24.0,108.0
1989,24.0,112.0
1990,25.0,168.0
1991,24.0,63.0
1992,24.0,167.0
1993,25.0,117.0
1994,31.0,69.0
1995,24.0,117.0
1996,25.0,69.0
1997,31.0,118.0
1998,25.0,66.0
1999,31.0,123.0
2000,24.0,116.0
2001,25.0,70.0
2002,31.0,112.0
2003,24.0,115.0
2004,25.0,89.0
2005,31.0,72.0
2006,24.0,70.0
2007,25.0,92.0
2008,31.0,126.0
2009,24.0,92.0
2010,25.0,126.0
2011,31.0,71.0
2012,24.0,92.0
2013,25.0,120.0
2014,31.0,64.0
2015,24.0,58.0
2016,25.0,134.0
2017,24.0,134.0
2018,31.0,127.0
2019,24.0,57.0
2020,25.0,82.0
2021,31.0,50.0
2022,24.0,46.0
2023,31.0,43.0
2024,24.0,77.0
2025,24.0,88.0
2026,24.0,44.0
2027,31.0,87.0
2028,24.0,79.0
2029,24.0,40.0
2030,24.0,67.0
2031,24.0,76.0
2032,24.0,75.0
2033,24.0,59.0
2034,82.0,52.0
2035,24.0,51.0
2036,24.0,41.0
2037,24.0,160.0
2038,24.0,52.0
2039,82.0,38.0
2040,24.0,86.0
2041,82.0,84.0
2042,24.0,164.0
2043,82.0,87.0
2044,24.0,157.0
2045,24.0,51.0
2046,24.0,60.0
2047,82.0,154.0
2048,24.0,150.0
2049,24.0,82.0
2050,82.0,67.0
2051,24.0,70.0
2052,82.0,65.0
2053,24.0,90.0
2054,24.0,68.0
2055,24.0,90.0
2056,82.0,59.0
2057,24.0,178.0
2058,24.0,61.0
2059,82.0,138.0
2060,24.0,61.0
2061,82.0,147.0
2062,24.0,64.0
2063,24.0,96.0
2064,24.0,64.0
2065,82.0,88.0
2066,24.0,123.0
2067,24.0,84.0
2068,82.0,111.0
2069,24.0,77.0
2070,24.0,85.0
2071,24.0,120.0
2072,24.0,78.0
2073,24.0,115.0
2074,24.0,117.0
2075,24.0,115.0
2076,24.0,94.0
2077,24.0,117.0
2078,24.0,77.0
2079,24.0,78.0
2080,75.0,91.0
2081,24.0,67.0
2082,24.0,75.0
2083,24.0,84.0
2084,24.0,56.0
2085,75.0,84.0
2086,24.0,126.0
2087,24.0,87.0
2088,24.0,124.0
2089,24.0,124.0
2090,24.0,63.0
2091,24.0,66.0
2092,25.0,121.0
2093,24.0,75.0
2094,84.0,117.0
2095,24.0,116.0
2096,25.0,65.0
2097,24.0,103.0
2098,26.0,105.0
2099,84.0,85.0
2100,24.0,105.0
2101,25.0,71.0
2102,24.0,85.0
2103,24.0,70.0
2104,24.0,61.0
2105,84.0,135.0
2106,30.0,65.0
2107,26.0,123.0
2108,84.0,67.0
2109,30.0,108.0
2110,26.0,65.0
2111,25.0,73.0
2112,84.0,64.0
2113,30.0,100.0
2114,25.0,68.0
2115,26.0,59.0
2116,25.0,59.0
2117,84.0,59.0
2118,30.0,70.0
2119,26.0,58.0
2120,26.0,106.0
2121,25.0,70.0
2122,84.0,57.0
2123,30.0,54.0
2124,26.0,54.0
2125,84.0,57.0
2126,30.0,73.0
2127,25.0,58.0
2128,25.0,55.0
2129,84.0,64.0
2130,30.0,79.0
2131,26.0,116.0
2132,25.0,108.0
2133,84.0,67.0
2134,30.0,108.0
2135,25.0,67.0
2136,25.0,108.0
2137,33.0,64.0
2138,30.0,70.0
2139,24.0,106.0
2140,25.0,51.0
2141,25.0,108.0
2142,33.0,51.0
2143,30.0,107.0
2144,25.0,47.0
2145,24.0,77.0
2146,30.0,47.0
2147,24.0,77.0
2148,25.0,71.0
2149,30.0,77.0
2150,24.0,54.0
2151,25.0,121.0
2152,24.0,60.0
2153,24.0,86.0
2154,24.0,79.0
2155,24.0,75.0
2156,25.0,60.0
2157,24.0,75.0
2158,25.0,43.0
2159,24.0,68.0
2160,31.0,75.0
2161,25.0,43.0
2162,24.0,65.0
2163,31.0,44.0
2164,25.0,141.0
2165,24.0,141.0
2166,31.0,51.0
2167,25.0,78.0
2168,24.0,49.0
2169,31.0,70.0
2170,25.0,48.0
2171,24.0,70.0
2172,32.0,48.0
2173,25.0,48.0
2174,32.0,69.0
2175,25.0,48.0
2176,32.0,69.0
2177,25.0,117.0
2178,32.0,170.0
2179,26.0,117.0
2180,68.0,115.0
2181,26.0,163.0
2182,68.0,117.0
2183,26.0,92.0
2184,68.0,73.0
2185,68.0,181.0
2186,28.0,92.0
2187,28.0,69.0
2188,54.0,124.0
2189,68.0,175.0
2190,28.0,107.0
2191,54.0,172.0
2192,68.0,93.0
2193,54.0,161.0
2194,68.0,88.0
2195,28.0,88.0
2196,54.0,115.0
2197,53.0,167.0
2198,60.0,89.0
2199,68.0,166.0
2200,28.0,93.0
2201,54.0,98.0
2202,53.0,91.0
2203,60.0,100.0
2204,68.0,171.0
2205,27.0,142.0
2206,60.0,99.0
2207,68.0,124.0
2208,27.0,63.0
2209,60.0,130.0
2210,68.0,103.0
2211,27.0,120.0
2212,53.0,108.0
2213,53.0,72.0
2214,53.0,123.0
2215,53.0,72.0
2216,53.0,109.0
2217,53.0,128.0
2218,53.0,113.0
2219,53.0,121.0
2220,53.0,114.0
2221,41.0,76.0
2222,52.0,122.0
2223,24.0,122.0
2224,40.0,115.0
2225,52.0,122.0
2226,24.0,76.0
2227,40.0,122.0
2228,52.0,72.0
2229,24.0,116.0
2230,40.0,72.0
2231,95.0,95.0
2232,51.0,115.0
2233,52.0,72.0
2234,24.0,115.0
2235,38.0,95.0
2236,51.0,97.0
2237,24.0,58.0
2238,24.0,95.0
2239,24.0,102.0
2240,38.0,140.0
2241,24.0,122.0
2242,24.0,89.0
2243,38.0,122.0
2244,51.0,89.0
2245,24.0,96.0
2246,38.0,97.0
2247,51.0,85.0
2248,24.0,69.0
2249,24.0,69.0
2250,24.0,89.0
2251,51.0,64.0
2252,24.0,87.0
2253,24.0,64.0
2254,24.0,88.0
2255,51.0,63.0
2256,24.0,59.0
2257,24.0,116.0
2258,51.0,62.0
2259,51.0,62.0
2260,24.0,67.0
2261,51.0,65.0
2262,24.0,130.0
2263,24.0,120.0
2264,24.0,75.0
2265,24.0,66.0
2266,24.0,75.0
2267,51.0,126.0
2268,24.0,121.0
2269,51.0,82.0
2270,24.0,54.0
2271,66.0,123.0
2272,24.0,87.0
2273,24.0,82.0
2274,24.0,84.0
2275,66.0,85.0
2276,24.0,68.0
2277,24.0,85.0
2278,24.0,151.0
2279,66.0,82.0
2280,24.0,142.0
2281,24.0,142.0
2282,24.0,81.0
2283,66.0,103.0
2284,24.0,126.0
2285,52.0,88.0
2286,24.0,126.0
2287,52.0,88.0
2288,24.0,107.0
2289,34.0,80.0
2290,52.0,96.0
2291,36.0,141.0
2292,36.0,99.0
2293,24.0,90.0
2294,34.0,141.0
2295,52.0,100.0
2296,36.0,86.0
2297,36.0,143.0
2298,24.0,88.0
2299,34.0,93.0
2300,52.0,110.0
2301,24.0,81.0
2302,34.0,92.0
2303,52.0,112.0
2304,24.0,87.0
2305,52.0,74.0
2306,37.0,114.0
2307,24.0,78.0
2308,37.0,104.0
2309,25.0,148.0
2310,37.0,87.0
2311,25.0,97.0
2312,37.0,150.0
2313,25.0,84.0
2314,65.0,94.0
2315,37.0,85.0
2316,37.0,91.0
2317,25.0,151.0
2318,37.0,94.0
2319,61.0,147.0
2320,26.0,77.0
2321,61.0,88.0
2322,26.0,77.0
2323,27.0,96.0
2324,37.0,63.0
2325,26.0,95.0
2326,27.0,77.0
2327,55.0,103.0
2328,27.0,66.0
2329,27.0,102.0
2330,55.0,80.0
2331,27.0,67.0
2332,27.0,80.0
2333,55.0,69.0
2334,27.0,57.0
2335,55.0,76.0
2336,55.0,115.0
2337,27.0,55.0
2338,24.0,70.0
2339,26.0,69.0
2340,24.0,119.0
2341,26.0,63.0
2342,24.0,62.0
2343,55.0,110.0
2344,26.0,65.0
2345,24.0,65.0
2346,55.0,99.0
2347,55.0,65.0
2348,91.0,94.0
2349,26.0,94.0
2350,24.0,96.0
2351,55.0,59.0
2352,55.0,89.0
2353,91.0,55.0
2354,25.0,85.0
2355,24.0,99.0
2356,91.0,170.0
2357,25.0,92.0
2358,24.0,83.0
2359,91.0,75.0
2360,25.0,78.0
2361,24.0,59.0
2362,55.0,58.0
2363,24.0,85.0
2364,24.0,188.0
2365,42.0,78.0
2366,24.0,79.0
2367,24.0,95.0
2368,29.0,193.0
2369,24.0,85.0
2370,24.0,79.0
2371,105.0,69.0
2372,25.0,85.0
2373,24.0,82.0
2374,105.0,197.0
2375,93.0,83.0
2376,25.0,68.0
2377,24.0,185.0
2378,93.0,89.0
2379,29.0,75.0
2380,25.0,183.0
2381,24.0,89.0
2382,29.0,192.0
2383,25.0,89.0
2384,24.0,167.0
2385,24.0,81.0
2386,29.0,55.0
2387,25.0,75.0
2388,24.0,71.0
2389,24.0,76.0
2390,93.0,164.0
2391,29.0,87.0
2392,25.0,85.0
2393,24.0,68.0
2394,92.0,67.0
2395,29.0,169.0
2396,25.0,63.0
2397,24.0,67.0
2398,68.0,99.0
2399,29.0,62.0
2400,25.0,93.0
2401,68.0,173.0
2402,29.0,70.0
2403,29.0,173.0
2404,25.0,63.0
2405,38.0,92.0
2406,38.0,83.0
2407,29.0,89.0
2408,25.0,71.0
2409,24.0,65.0
2410,38.0,86.0
2411,38.0,58.0
2412,29.0,77.0
2413,25.0,67.0
2414,24.0,80.0
2415,29.0,67.0
2416,24.0,67.0
2417,24.0,115.0
2418,24.0,59.0
2419,24.0,110.0
2420,24.0,98.0
2421,24.0,60.0
2422,24.0,55.0
2423,24.0,96.0
2424,24.0,49.0
2425,24.0,51.0
2426,24.0,104.0
2427,24.0,104.0
2428,24.0,98.0
2429,24.0,105.0
2430,24.0,100.0
2431,24.0,102.0
2432,24.0,101.0
2433,24.0,90.0
2434,24.0,101.0
2435,24.0,85.0
2436,24.0,102.0
2437,24.0,89.0
2438,24.0,67.0
2439,24.0,116.0
2440,24.0,90.0
2441,24.0,118.0
2442,24.0,95.0
2443,24.0,102.0
2444,24.0,119.0
2445,24.0,78.0
2446,24.0,112.0
2447,24.0,104.0
2448,24.0,71.0
2449,24.0,71.0
2450,24.0,46.0
2451,24.0,120.0
2452,24.0,64.0
2453,24.0,53.0
2454,24.0,110.0
2455,24.0,110.0
2456,24.0,48.0
2457,24.0,133.0
2458,24.0,110.0
2459,24.0,54.0
2460,24.0,112.0
2461,24.0,79.0
2462,24.0,101.0
2463,24.0,127.0
2464,24.0,58.0
2465,24.0,123.0
2466,24.0,59.0
2467,24.0,60.0
2468,24.0,60.0
2469,24.0,124.0
2470,24.0,48.0
2471,24.0,64.0
2472,24.0,125.0
2473,24.0,64.0
2474,24.0,115.0
2475,24.0,55.0
2476,24.0,62.0
2477,24.0,118.0
2478,24.0,100.0
2479,24.0,118.0
2480,24.0,95.0
2481,24.0,117.0
2482,24.0,68.0
2483,24.0,63.0
2484,24.0,117.0
2485,24.0,63.0
2486,24.0,117.0
2487,24.0,61.0
2488,24.0,51.0
2489,24.0,102.0
2490,24.0,68.0
2491,24.0,102.0
2492,24.0,60.0
2493,24.0,132.0
2494,24.0,67.0
2495,24.0,68.0
2496,24.0,64.0
2497,24.0,67.0
2498,24.0,73.0
2499,24.0,64.0
2500,24.0,142.0
2501,24.0,63.0
2502,24.0,124.0
2503,24.0,68.0
2504,24.0,70.0
2505,24.0,117.0
2506,24.0,115.0
2507,24.0,116.0
2508,24.0,89.0
2509,24.0,79.0
2510,24.0,126.0
2511,24.0,71.0
2512,24.0,124.0
2513,24.0,124.0
2514,24.0,68.0
2515,24.0,59.0
2516,24.0,92.0
2517,24.0,59.0
2518,24.0,63.0
2519,24.0,117.0
2520,24.0,46.0
2521,24.0,95.0
2522,24.0,114.0
2523,24.0,46.0
2524,24.0,108.0
2525,24.0,48.0
2526,24.0,95.0
2527,24.0,51.0
2528,24.0,122.0
2529,24.0,59.0
2530,24.0,99.0
2531,24.0,116.0
2532,24.0,102.0
2533,24.0,116.0
2534,24.0,52.0
2535,24.0,116.0
2536,24.0,100.0
2537,24.0,113.0
2538,24.0,46.0
2539,24.0,104.0
2540,24.0,84.0
2541,24.0,98.0
2542,24.0,98.0
2543,24.0,69.0
2544,24.0,54.0
2545,24.0,81.0
2546,26.0,54.0
2547,25.0,156.0
2548,25.0,76.0
2549,26.0,54.0
2550,25.0,157.0
2551,25.0,78.0
2552,31.0,157.0
2553,26.0,61.0
2554,25.0,94.0
2555,25.0,60.0
2556,31.0,153.0
2557,26.0,152.0
2558,25.0,146.0
2559,26.0,68.0
2560,25.0,97.0
2561,26.0,71.0
2562,31.0,68.0
2563,26.0,153.0
2564,25.0,139.0
2565,26.0,84.0
2566,31.0,136.0
2567,26.0,83.0
2568,25.0,138.0
2569,31.0,81.0
2570,25.0,69.0
2571,26.0,81.0
2572,31.0,110.0
2573,26.0,69.0
2574,25.0,84.0
2575,26.0,69.0
2576,31.0,51.0
2577,26.0,133.0
2578,25.0,133.0
2579,26.0,75.0
2580,31.0,107.0
2581,26.0,104.0
2582,25.0,79.0
2583,26.0,79.0
2584,31.0,98.0
2585,26.0,96.0
2586,25.0,85.0
2587,26.0,117.0
2588,31.0,85.0
2589,26.0,85.0
2590,25.0,117.0
2591,24.0,97.0
2592,25.0,117.0
2593,31.0,113.0
2594,24.0,93.0
2595,24.0,87.0
2596,25.0,97.0
2597,31.0,90.0
2598,24.0,113.0
2599,25.0,97.0
2600,24.0,87.0
2601,25.0,101.0
2602,24.0,108.0
2603,25.0,120.0
2604,24.0,86.0
2605,25.0,106.0
2606,24.0,101.0
2607,25.0,74.0
2608,24.0,101.0
2609,24.0,75.0
2610,26.0,104.0
2611,24.0,98.0
2612,24.0,106.0
2613,26.0,75.0
2614,24.0,104.0
2615,24.0,97.0
2616,26.0,94.0
2617,24.0,95.0
2618,24.0,95.0
2619,26.0,82.0
2620,26.0,95.0
2621,25.0,101.0
2622,26.0,101.0
2623,25.0,97.0
2624,26.0,101.0
2625,25.0,79.0
2626,26.0,90.0
2627,25.0,81.0
2628,40.0,90.0
2629,25.0,83.0
2630,25.0,92.0
2631,40.0,85.0
2632,25.0,85.0
2633,25.0,63.0
2634,40.0,85.0
2635,25.0,70.0
2636,25.0,70.0
2637,77.0,67.0
2638,41.0,124.0
2639,26.0,88.0
2640,41.0,124.0
2641,26.0,61.0
2642,41.0,75.0
2643,77.0,65.0
2644,27.0,129.0
2645,41.0,64.0
2646,77.0,114.0
2647,27.0,61.0
2648,41.0,112.0
2649,77.0,110.0
2650,26.0,105.0
2651,41.0,110.0
2652,77.0,70.0
2653,26.0,97.0
2654,41.0,104.0
2655,77.0,95.0
2656,26.0,100.0
2657,41.0,97.0
2658,77.0,66.0
2659,26.0,99.0
2660,41.0,95.0
2661,77.0,93.0
2662,26.0,97.0
2663,25.0,95.0
2664,77.0,83.0
2665,26.0,91.0
2666,25.0,41.0
2667,77.0,34.0
2668,26.0,96.0
2669,25.0,34.0
2670,70.0,109.0
2671,77.0,103.0
2672,25.0,109.0
2673,24.0,87.0
2674,70.0,101.0
2675,77.0,101.0
2676,25.0,99.0
2677,24.0,47.0
2678,70.0,87.0
2679,24.0,48.0
2680,24.0,48.0
2681,24.0,109.0
2682,70.0,114.0
2683,24.0,48.0
2684,24.0,97.0
2685,24.0,46.0
2686,70.0,97.0
2687,24.0,45.0
2688,71.0,97.0
2689,25.0,116.0
2690,24.0,43.0
2691,71.0,92.0
2692,25.0,43.0
2693,24.0,120.0
2694,25.0,95.0
2695,71.0,45.0
2696,71.0,95.0
2697,25.0,45.0
2698,24.0,95.0
2699,71.0,141.0
2700,71.0,125.0
2701,25.0,50.0
2702,24.0,118.0
2703,71.0,99.0
2704,25.0,127.0
2705,24.0,89.0
2706,25.0,124.0
2707,24.0,56.0
2708,24.0,69.0
2709,25.0,99.0
2710,24.0,42.0
2711,25.0,100.0
2712,25.0,93.0
2713,25.0,42.0
2714,25.0,85.0
2715,25.0,42.0
2716,24.0,53.0
2717,25.0,94.0
2718,24.0,46.0
2719,25.0,91.0
2720,26.0,82.0
2721,27.0,82.0
2722,24.0,55.0
2723,26.0,89.0
2724,27.0,53.0
2725,24.0,52.0
2726,27.0,76.0
2727,24.0,116.0
2728,25.0,53.0
2729,24.0,71.0
2730,27.0,116.0
2731,24.0,71.0
2732,25.0,72.0
2733,27.0,115.0
2734,24.0,74.0
2735,25.0,64.0
2736,27.0,59.0
2737,25.0,118.0
2738,27.0,80.0
2739,27.0,60.0
2740,24.0,62.0
2741,26.0,62.0
2742,27.0,133.0
2743,24.0,133.0
2744,26.0,114.0
2745,24.0,111.0
2746,26.0,129.0
2747,27.0,76.0
2748,24.0,102.0
2749,26.0,117.0
2750,24.0,78.0
2751,27.0,93.0
2752,24.0,64.0
2753,25.0,96.0
2754,24.0,96.0
2755,24.0,120.0
2756,24.0,72.0
2757,25.0,117.0
2758,24.0,136.0
2759,24.0,107.0
2760,25.0,75.0
2761,24.0,119.0
2762,24.0,79.0
2763,126.0,110.0
2764,24.0,90.0
2765,25.0,143.0
2766,24.0,87.0
2767,24.0,116.0
2768,126.0,69.0
2769,25.0,76.0
2770,126.0,153.0
2771,25.0,96.0
2772,126.0,154.0
2773,24.0,88.0
2774,25.0,65.0
2775,24.0,136.0
2776,126.0,64.0
2777,24.0,143.0
2778,24.0,94.0
2779,24.0,170.0
2780,126.0,93.0
2781,24.0,143.0
2782,24.0,165.0
2783,24.0,136.0
2784,126.0,97.0
2785,24.0,91.0
2786,24.0,97.0
2787,25.0,83.0
2788,126.0,80.0
2789,24.0,65.0
2790,24.0,80.0
2791,25.0,64.0
2792,126.0,72.0
2793,24.0,64.0
2794,25.0,65.0
2795,126.0,57.0
2796,25.0,160.0
2797,126.0,51.0
2798,39.0,56.0
2799,25.0,103.0
2800,126.0,44.0
2801,24.0,103.0
2802,39.0,34.0
2803,25.0,100.0
2804,24.0,27.0
2805,24.0,100.0
2806,25.0,69.0
2807,39.0,57.0
2808,25.0,63.0
2809,24.0,34.0
2810,24.0,34.0
2811,39.0,112.0
2812,25.0,191.0
2813,24.0,35.0
2814,24.0,57.0
2815,39.0,189.0
2816,25.0,101.0
2817,24.0,188.0
2818,24.0,39.0
2819,39.0,188.0
2820,25.0,105.0
2821,25.0,60.0
2822,24.0,44.0
2823,24.0,56.0
2824,39.0,44.0
2825,24.0,56.0
2826,24.0,50.0
2827,24.0,114.0
2828,39.0,50.0
2829,24.0,114.0
2830,24.0,49.0
2831,24.0,69.0
2832,39.0,210.0
2833,24.0,72.0
2834,24.0,125.0
2835,24.0,72.0
2836,39.0,115.0
2837,24.0,151.0
2838,24.0,118.0
2839,24.0,77.0
2840,39.0,70.0
2841,24.0,77.0
2842,24.0,64.0
2843,39.0,84.0
2844,24.0,77.0
2845,24.0,62.0
2846,24.0,77.0
2847,24.0,85.0
2848,24.0,161.0
2849,24.0,70.0
2850,24.0,70.0
2851,24.0,86.0
2852,24.0,69.0
2853,24.0,66.0
2854,24.0,89.0
2855,24.0,63.0
2856,24.0,65.0
2857,24.0,78.0
2858,24.0,61.0
2859,24.0,64.0
2860,24.0,74.0
2861,25.0,65.0
2862,24.0,71.0
2863,24.0,64.0
2864,29.0,62.0
2865,24.0,69.0
2866,25.0,62.0
2867,29.0,64.0
2868,24.0,63.0
2869,25.0,39.0
2870,29.0,63.0
2871,24.0,38.0
2872,24.0,63.0
2873,25.0,61.0
2874,24.0,94.0
2875,24.0,48.0
2876,29.0,94.0
2877,24.0,48.0
2878,25.0,68.0
2879,24.0,86.0
2880,24.0,236.0
2881,29.0,86.0
2882,25.0,69.0
2883,29.0,83.0
2884,24.0,59.0
2885,25.0,69.0
2886,29.0,59.0
2887,24.0,63.0
2888,25.0,64.0
2889,24.0,57.0
2890,29.0,66.0
2891,24.0,57.0
2892,25.0,58.0
2893,24.0,100.0
2894,29.0,57.0
2895,24.0,52.0
2896,24.0,53.0
2897,25.0,107.0
2898,24.0,106.0
2899,29.0,100.0
2900,24.0,56.0
2901,25.0,52.0
2902,24.0,52.0
2903,29.0,40.0
2904,24.0,110.0
2905,24.0,105.0
2906,29.0,312.0
2907,24.0,102.0
2908,24.0,50.0
2909,24.0,102.0
2910,24.0,134.0
2911,24.0,105.0
2912,24.0,135.0
2913,24.0,106.0
2914,24.0,320.0
2915,24.0,104.0
2916,24.0,141.0
2917,24.0,71.0
2918,24.0,99.0
2919,24.0,114.0
2920,24.0,78.0
2921,24.0,114.0
2922,24.0,77.0
2923,24.0,114.0
2924,24.0,341.0
2925,24.0,319.0
2926,24.0,122.0
2927,24.0,288.0
2928,24.0,119.0
2929,24.0,96.0
2930,24.0,294.0
2931,24.0,122.0
2932,24.0,128.0
2933,24.0,96.0
2934,24.0,294.0
2935,24.0,264.0
2936,24.0,118.0
2937,24.0,293.0
2938,24.0,119.0
2939,24.0,255.0
2940,24.0,109.0
2941,24.0,109.0
2942,40.0,119.0
2943,24.0,103.0
2944,24.0,119.0
2945,40.0,119.0
2946,24.0,108.0
2947,40.0,253.0
2948,40.0,108.0
2949,24.0,108.0
2950,24.0,112.0
2951,40.0,95.0
2952,24.0,187.0
2953,24.0,111.0
2954,24.0,69.0
2955,24.0,107.0
2956,40.0,131.0
2957,40.0,65.0
2958,24.0,98.0
2959,24.0,108.0
2960,63.0,105.0
2961,40.0,102.0
2962,24.0,92.0
2963,24.0,102.0
2964,63.0,91.0
2965,24.0,81.0
2966,24.0,76.0
2967,63.0,98.0
2968,40.0,105.0
2969,24.0,62.0
2970,24.0,95.0
2971,63.0,64.0
2972,40.0,56.0
2973,40.0,92.0
2974,24.0,101.0
2975,24.0,84.0
2976,63.0,92.0
2977,40.0,100.0
2978,24.0,92.0
2979,24.0,96.0
2980,63.0,86.0
2981,24.0,91.0
2982,24.0,95.0
2983,63.0,73.0
2984,26.0,94.0
2985,25.0,77.0
2986,63.0,107.0
2987,26.0,106.0
2988,25.0,83.0
2989,63.0,74.0
2990,33.0,116.0
2991,26.0,116.0
2992,25.0,91.0
2993,63.0,91.0
2994,33.0,100.0
2995,26.0,91.0
2996,25.0,143.0
2997,63.0,118.0
2998,33.0,97.0
2999,26.0,119.0
3000,25.0,97.0
3001,63.0,119.0
3002,33.0,111.0
3003,26.0,83.0
3004,25.0,81.0
3005,25.0,116.0
3006,24.0,81.0
3007,33.0,111.0
3008,26.0,74.0
3009,25.0,59.0
3010,24.0,111.0
3011,33.0,111.0
3012,26.0,114.0
3013,24.0,126.0
3014,26.0,46.0
3015,25.0,97.0
3016,25.0,52.0
3017,26.0,96.0
3018,38.0,117.0
3019,25.0,113.0
3020,26.0,45.0
3021,38.0,104.0
3022,25.0,47.0
3023,26.0,110.0
3024,38.0,108.0
3025,34.0,54.0
3026,25.0,173.0
3027,24.0,113.0
3028,38.0,113.0
3029,34.0,175.0
3030,25.0,115.0
3031,24.0,179.0
3032,38.0,96.0
3033,33.0,135.0
3034,25.0,115.0
3035,24.0,93.0
3036,38.0,187.0
3037,33.0,90.0
3038,33.0,114.0
3039,25.0,184.0
3040,24.0,169.0
3041,29.0,93.0
3042,33.0,80.0
3043,25.0,68.0
3044,25.0,68.0
3045,24.0,179.0
3046,29.0,110.0
3047,25.0,186.0
3048,25.0,110.0
3049,24.0,132.0
3050,29.0,113.0
3051,33.0,130.0
3052,33.0,155.0
3053,24.0,113.0
3054,29.0,130.0
3055,33.0,109.0
3056,24.0,119.0
3057,24.0,107.0
3058,29.0,128.0
3059,24.0,121.0
3060,24.0,65.0
3061,29.0,58.0
3062,33.0,113.0
3063,24.0,107.0
3064,24.0,113.0
3065,33.0,112.0
3066,24.0,57.0
3067,24.0,98.0
3068,24.0,140.0
3069,33.0,63.0
3070,24.0,115.0
3071,24.0,143.0
3072,24.0,66.0
3073,24.0,113.0
3074,24.0,112.0
3075,24.0,65.0
3076,24.0,105.0
3077,24.0,146.0
3078,24.0,104.0
3079,24.0,146.0
3080,24.0,101.0
3081,24.0,77.0
3082,24.0,60.0
3083,24.0,60.0
3084,24.0,68.0
3085,24.0,160.0
3086,24.0,59.0
3087,24.0,68.0
3088,24.0,123.0
3089,24.0,66.0
3090,24.0,69.0
3091,24.0,64.0
3092,24.0,69.0
3093,24.0,170.0
3094,24.0,62.0
3095,24.0,122.0
3096,24.0,66.0
3097,24.0,65.0
3098,24.0,128.0
3099,24.0,138.0
3100,24.0,68.0
3101,24.0,138.0
3102,24.0,137.0
3103,24.0,79.0
3104,24.0,138.0
3105,24.0,103.0
3106,24.0,68.0
3107,24.0,103.0
3108,24.0,63.0
3109,24.0,85.0
3110,24.0,61.0
3111,24.0,97.0
3112,24.0,146.0
3113,24.0,82.0
3114,24.0,93.0
3115,24.0,61.0
3116,24.0,83.0
3117,24.0,143.0
3118,24.0,47.0
3119,24.0,81.0
3120,24.0,45.0
3121,24.0,85.0
3122,24.0,81.0
3123,24.0,46.0
3124,24.0,46.0
3125,24.0,74.0
3126,24.0,124.0
3127,24.0,87.0
3128,24.0,74.0
3129,24.0,85.0
3130,24.0,74.0
3131,24.0,56.0
3132,24.0,71.0
3133,24.0,74.0
3134,24.0,56.0
3135,24.0,54.0
3136,24.0,60.0
3137,24.0,73.0
3138,24.0,42.0
3139,24.0,58.0
3140,24.0,58.0
3141,24.0,44.0
3142,24.0,77.0
3143,24.0,49.0
3144,24.0,47.0
3145,24.0,48.0
3146,24.0,49.0
3147,24.0,54.0
3148,24.0,157.0
3149,24.0,46.0
3150,24.0,54.0
3151,24.0,141.0
3152,24.0,46.0
3153,24.0,142.0
3154,24.0,45.0
3155,24.0,45.0
3156,24.0,65.0
3157,24.0,44.0
3158,24.0,147.0
3159,24.0,55.0
3160,24.0,147.0
3161,24.0,39.0
3162,24.0,49.0
3163,24.0,49.0
3164,24.0,117.0
3165,24.0,44.0
3166,24.0,88.0
3167,24.0,46.0
3168,24.0,44.0
3169,24.0,46.0
3170,24.0,47.0
3171,24.0,44.0
3172,24.0,145.0
3173,24.0,142.0
3174,24.0,52.0
3175,24.0,139.0
3176,24.0,47.0
3177,24.0,51.0
3178,24.0,112.0
3179,24.0,49.0
3180,24.0,110.0
3181,24.0,110.0
3182,24.0,117.0
3183,24.0,84.0
3184,24.0,60.0
3185,24.0,52.0
3186,24.0,50.0
3187,24.0,50.0
3188,24.0,61.0
3189,24.0,63.0
3190,24.0,68.0
3191,24.0,68.0
3192,24.0,72.0
3193,24.0,140.0
3194,24.0,68.0
3195,24.0,61.0
3196,24.0,63.0
3197,24.0,61.0
3198,24.0,64.0
3199,24.0,150.0
3200,24.0,65.0
3201,24.0,149.0
3202,25.0,86.0
3203,24.0,53.0
3204,25.0,149.0
3205,31.0,53.0
3206,33.0,60.0
3207,24.0,86.0
3208,25.0,77.0
3209,31.0,160.0
3210,33.0,60.0
3211,33.0,158.0
3212,24.0,84.0
3213,26.0,60.0
3214,32.0,84.0
3215,33.0,159.0
3216,33.0,152.0
3217,26.0,66.0
3218,33.0,151.0
3219,26.0,66.0
3220,33.0,106.0
3221,33.0,113.0
3222,26.0,66.0
3223,33.0,100.0
3224,33.0,105.0
3225,26.0,109.0
3226,33.0,79.0
3227,26.0,52.0
3228,33.0,106.0
3229,33.0,104.0
3230,26.0,103.0
3231,33.0,127.0
3232,33.0,56.0
3233,34.0,85.0
3234,32.0,117.0
3235,35.0,60.0
3236,34.0,71.0
3237,32.0,78.0
3238,33.0,118.0
3239,35.0,78.0
3240,59.0,106.0
3241,34.0,54.0
3242,35.0,104.0
3243,59.0,71.0
3244,25.0,59.0
3245,31.0,56.0
3246,28.0,102.0
3247,59.0,52.0
3248,25.0,116.0
3249,32.0,39.0
3250,27.0,113.0
3251,59.0,62.0
3252,25.0,105.0
3253,31.0,62.0
3254,26.0,44.0
3255,59.0,61.0
3256,25.0,113.0
3257,31.0,120.0
3258,26.0,65.0
3259,25.0,124.0
3260,59.0,63.0
3261,25.0,102.0
3262,26.0,106.0
3263,59.0,63.0
3264,25.0,61.0
3265,31.0,108.0
3266,26.0,60.0
3267,59.0,61.0
3268,31.0,61.0
3269,26.0,54.0
3270,59.0,119.0
3271,25.0,51.0
3272,32.0,90.0
3273,27.0,53.0
3274,59.0,89.0
3275,24.0,71.0
3276,32.0,69.0
3277,25.0,39.0
3278,59.0,39.0
3279,24.0,39.0
3280,25.0,85.0
3281,59.0,40.0
3282,25.0,35.0
3283,25.0,97.0
3284,24.0,147.0
3285,25.0,39.0
3286,25.0,93.0
3287,24.0,41.0
3288,25.0,97.0
3289,25.0,155.0
3290,24.0,42.0
3291,25.0,155.0
3292,25.0,100.0
3293,24.0,103.0
3294,25.0,97.0
3295,25.0,156.0
3296,24.0,107.0
3297,25.0,156.0
3298,25.0,55.0
3299,25.0,107.0
3300,24.0,48.0
3301,25.0,48.0
3302,24.0,48.0
3303,25.0,109.0
3304,24.0,167.0
3305,25.0,114.0
3306,63.0,48.0
3307,24.0,123.0
3308,24.0,97.0
3309,25.0,113.0
3310,56.0,48.0
3311,24.0,131.0
3312,25.0,114.0
3313,56.0,53.0
3314,24.0,107.0
3315,25.0,107.0
3316,56.0,106.0
3317,24.0,134.0
3318,24.0,56.0
3319,56.0,126.0
3320,24.0,57.0
3321,24.0,105.0
3322,56.0,60.0
3323,56.0,120.0
3324,25.0,54.0
3325,56.0,110.0
3326,25.0,54.0
3327,42.0,108.0
3328,56.0,67.0
3329,25.0,47.0
3330,56.0,99.0
3331,42.0,91.0
3332,42.0,72.0
3333,55.0,65.0
3334,25.0,77.0
3335,42.0,63.0
3336,41.0,76.0
3337,25.0,65.0
3338,25.0,67.0
3339,41.0,65.0
3340,25.0,62.0
3341,56.0,144.0
3342,42.0,66.0
3343,42.0,145.0
3344,41.0,66.0
3345,25.0,66.0
3346,42.0,60.0
3347,41.0,80.0
3348,25.0,60.0
3349,25.0,86.0
3350,41.0,158.0
3351,25.0,82.0
3352,25.0,141.0
3353,42.0,133.0
3354,41.0,132.0
3355,25.0,80.0
3356,25.0,81.0
3357,25.0,70.0
3358,42.0,107.0
3359,42.0,105.0
3360,41.0,146.0
3361,25.0,101.0
3362,25.0,64.0
3363,42.0,63.0
3364,41.0,141.0
3365,24.0,99.0
3366,41.0,135.0
3367,24.0,108.0
3368,25.0,69.0
3369,42.0,69.0
3370,41.0,102.0
3371,24.0,117.0
3372,25.0,73.0
3373,24.0,118.0
3374,41.0,118.0
3375,24.0,118.0
3376,25.0,115.0
3377,24.0,115.0
3378,41.0,114.0
3379,24.0,125.0
3380,24.0,159.0
3381,25.0,114.0
3382,24.0,119.0
3383,24.0,164.0
3384,24.0,139.0
3385,24.0,114.0
3386,24.0,99.0
3387,24.0,114.0
3388,24.0,73.0
3389,24.0,101.0
3390,24.0,61.0
3391,24.0,98.0
3392,24.0,62.0
3393,24.0,109.0
3394,24.0,88.0
3395,24.0,98.0
3396,24.0,82.0
3397,24.0,98.0
3398,24.0,76.0
3399,24.0,62.0
3400,24.0,51.0
3401,24.0,103.0
3402,24.0,38.0
3403,24.0,103.0
3404,24.0,38.0
3405,24.0,39.0
3406,24.0,147.0
3407,24.0,94.0
3408,24.0,41.0
3409,24.0,77.0
3410,25.0,76.0
3411,24.0,108.0
3412,24.0,56.0
3413,24.0,104.0
3414,24.0,169.0
3415,25.0,83.0
3416,24.0,56.0
3417,24.0,173.0
3418,24.0,44.0
3419,24.0,44.0
3420,24.0,129.0
3421,24.0,47.0
3422,25.0,182.0
3423,24.0,102.0
3424,24.0,50.0
3425,24.0,181.0
3426,25.0,99.0
3427,25.0,53.0
3428,25.0,93.0
3429,25.0,93.0
3430,24.0,57.0
3431,25.0,93.0
3432,25.0,92.0
3433,25.0,197.0
3434,24.0,182.0
3435,25.0,171.0
3436,25.0,93.0
3437,25.0,76.0
3438,25.0,169.0
3439,24.0,166.0
3440,25.0,162.0
3441,25.0,163.0
3442,25.0,109.0
3443,24.0,84.0
3444,25.0,109.0
3445,25.0,72.0
3446,25.0,106.0
3447,24.0,102.0
3448,25.0,60.0
3449,25.0,59.0
3450,25.0,59.0
3451,24.0,113.0
3452,25.0,42.0
3453,24.0,113.0
3454,24.0,42.0
3455,25.0,130.0
3456,25.0,44.0
3457,25.0,106.0
3458,24.0,117.0
3459,24.0,105.0
3460,25.0,48.0
3461,25.0,48.0
3462,25.0,123.0
3463,24.0,206.0
3464,24.0,99.0
3465,25.0,211.0
3466,25.0,96.0
3467,24.0,212.0
3468,25.0,96.0
3469,25.0,95.0
3470,24.0,95.0
3471,24.0,85.0
3472,24.0,71.0
3473,24.0,226.0
3474,24.0,71.0
3475,24.0,94.0
3476,24.0,68.0
3477,24.0,38.0
3478,24.0,159.0
3479,24.0,35.0
3480,24.0,95.0
3481,24.0,32.0
3482,24.0,95.0
3483,24.0,28.0
3484,24.0,28.0
3485,24.0,28.0
3486,24.0,176.0
3487,24.0,28.0
3488,24.0,171.0
3489,24.0,28.0
3490,24.0,261.0
3491,24.0,168.0
3492,24.0,262.0
3493,24.0,169.0
3494,24.0,119.0
3495,24.0,37.0
3496,24.0,37.0
3497,24.0,235.0
3498,24.0,175.0
3499,24.0,234.0
3500,24.0,37.0
3501,24.0,153.0
3502,24.0,228.0
3503,24.0,125.0
3504,24.0,41.0
3505,24.0,40.0
3506,24.0,234.0
3507,25.0,45.0
3508,24.0,128.0
3509,24.0,128.0
3510,24.0,225.0
3511,24.0,120.0
3512,25.0,152.0
3513,24.0,228.0
3514,24.0,126.0
3515,25.0,154.0
3516,24.0,117.0
3517,24.0,112.0
3518,25.0,69.0
3519,24.0,111.0
3520,25.0,69.0
3521,25.0,96.0
3522,31.0,69.0
3523,34.0,170.0
3524,24.0,170.0
3525,25.0,75.0
3526,31.0,63.0
3527,34.0,75.0
3528,24.0,63.0
3529,31.0,74.0
3530,34.0,57.0
3531,24.0,106.0
3532,25.0,178.0
3533,25.0,57.0
3534,31.0,88.0
3535,34.0,177.0
3536,24.0,89.0
3537,25.0,169.0
3538,31.0,88.0
3539,34.0,64.0
3540,24.0,51.0
3541,31.0,81.0
3542,34.0,46.0
3543,24.0,181.0
3544,25.0,55.0
3545,31.0,134.0
3546,34.0,97.0
3547,25.0,95.0
3548,31.0,95.0
3549,34.0,98.0
3550,25.0,91.0
3551,31.0,55.0
3552,36.0,56.0
3553,33.0,95.0
3554,25.0,94.0
3555,34.0,151.0
3556,24.0,92.0
3557,38.0,95.0
3558,34.0,153.0
3559,24.0,64.0
3560,38.0,115.0
3561,36.0,97.0
3562,34.0,83.0
3563,24.0,63.0
3564,38.0,95.0
3565,36.0,100.0
3566,25.0,82.0
3567,24.0,78.0
3568,29.0,69.0
3569,29.0,78.0
3570,25.0,74.0
3571,25.0,77.0
3572,24.0,70.0
3573,29.0,65.0
3574,25.0,78.0
3575,24.0,52.0
3576,47.0,65.0
3577,24.0,79.0
3578,47.0,60.0
3579,47.0,115.0
3580,24.0,86.0
3581,26.0,82.0
3582,47.0,52.0
3583,24.0,85.0
3584,27.0,88.0
3585,24.0,58.0
3586,27.0,87.0
3587,48.0,42.0
3588,24.0,42.0
3589,27.0,42.0
3590,48.0,67.0
3591,24.0,99.0
3592,26.0,91.0
3593,24.0,48.0
3594,26.0,96.0
3595,24.0,72.0
3596,26.0,110.0
3597,24.0,95.0
3598,26.0,87.0
3599,24.0,88.0
3600,24.0,59.0
3601,26.0,84.0
3602,24.0,55.0
3603,26.0,78.0
3604,69.0,72.0
3605,69.0,129.0
3606,24.0,95.0
3607,69.0,46.0
3608,24.0,97.0
3609,55.0,129.0
3610,24.0,47.0
3611,55.0,67.0
3612,24.0,92.0
3613,55.0,118.0
3614,24.0,55.0
3615,46.0,94.0
3616,24.0,121.0
3617,46.0,54.0
3618,24.0,40.0
3619,46.0,124.0
3620,24.0,91.0
3621,45.0,91.0
3622,24.0,91.0
3623,119.0,50.0
3624,24.0,129.0
3625,45.0,49.0
3626,24.0,49.0
3627,119.0,131.0
3628,24.0,50.0
3629,45.0,131.0
3630,24.0,50.0
3631,72.0,109.0
3632,24.0,50.0
3633,24.0,107.0
3634,71.0,114.0
3635,24.0,92.0
3636,24.0,145.0
3637,119.0,141.0
3638,24.0,141.0
3639,70.0,83.0
3640,24.0,125.0
3641,119.0,142.0
3642,70.0,71.0
3643,70.0,65.0
3644,24.0,123.0
3645,24.0,79.0
3646,119.0,136.0
3647,70.0,125.0
3648,24.0,78.0
3649,119.0,135.0
3650,24.0,125.0
3651,114.0,80.0
3652,70.0,72.0
3653,24.0,125.0
3654,24.0,87.0
3655,24.0,141.0
3656,114.0,132.0
3657,70.0,81.0
3658,24.0,108.0
3659,24.0,86.0
3660,114.0,68.0
3661,70.0,108.0
3662,24.0,68.0
3663,114.0,128.0
3664,114.0,86.0
3665,70.0,79.0
3666,24.0,78.0
3667,24.0,71.0
3668,24.0,119.0
3669,114.0,77.0
3670,70.0,71.0
3671,24.0,72.0
3672,24.0,146.0
3673,70.0,113.0
3674,24.0,85.0
3675,24.0,137.0
3676,24.0,85.0
3677,24.0,88.0
3678,24.0,120.0
3679,24.0,78.0
3680,24.0,89.0
3681,24.0,61.0
3682,24.0,89.0
3683,24.0,124.0
3684,24.0,91.0
3685,24.0,60.0
3686,24.0,119.0
3687,24.0,62.0
3688,24.0,84.0
3689,24.0,56.0
3690,24.0,88.0
3691,24.0,87.0
3692,24.0,54.0
3693,24.0,108.0
3694,24.0,98.0
3695,24.0,75.0
3696,24.0,110.0
3697,24.0,74.0
3698,24.0,109.0
3699,24.0,74.0
3700,24.0,109.0
3701,24.0,123.0
3702,24.0,74.0
3703,24.0,64.0
3704,24.0,76.0
3705,24.0,63.0
3706,25.0,81.0
3707,25.0,63.0
3708,24.0,124.0
3709,25.0,73.0
3710,24.0,81.0
3711,25.0,115.0
3712,25.0,48.0
3713,24.0,110.0
3714,25.0,44.0
3715,25.0,125.0
3716,25.0,112.0
3717,25.0,75.0
3718,24.0,117.0
3719,25.0,79.0
3720,25.0,122.0
3721,25.0,77.0
3722,25.0,140.0
3723,25.0,76.0
3724,25.0,65.0
3725,25.0,102.0
3726,25.0,131.0
3727,25.0,66.0
3728,25.0,105.0
3729,25.0,58.0
3730,25.0,101.0
3731,25.0,88.0
3732,25.0,86.0
3733,25.0,132.0
3734,25.0,87.0
3735,25.0,76.0
3736,25.0,107.0
3737,25.0,47.0
3738,25.0,47.0
3739,25.0,127.0
3740,25.0,76.0
3741,25.0,115.0
3742,25.0,131.0
3743,25.0,89.0
3744,25.0,92.0
3745,25.0,94.0
3746,25.0,126.0
3747,25.0,92.0
3748,25.0,97.0
3749,24.0,93.0
3750,24.0,83.0
3751,25.0,98.0
3752,25.0,70.0
3753,24.0,129.0
3754,25.0,81.0
3755,24.0,62.0
3756,25.0,81.0
3757,24.0,103.0
3758,25.0,73.0
3759,24.0,103.0
3760,24.0,120.0
3761,24.0,110.0
3762,25.0,120.0
3763,24.0,119.0
3764,24.0,115.0
3765,24.0,119.0
3766,24.0,90.0
3767,24.0,119.0
3768,24.0,92.0
3769,24.0,105.0
3770,24.0,118.0
3771,24.0,95.0
3772,24.0,105.0
3773,24.0,100.0
3774,24.0,79.0
3775,24.0,120.0
3776,24.0,116.0
3777,24.0,113.0
3778,24.0,73.0
3779,24.0,103.0
3780,24.0,114.0
3781,24.0,114.0
3782,24.0,154.0
3783,24.0,138.0
3784,24.0,121.0
3785,24.0,90.0
3786,24.0,123.0
3787,24.0,124.0
3788,24.0,122.0
3789,24.0,94.0
3790,24.0,119.0
3791,24.0,70.0
3792,24.0,116.0
3793,24.0,115.0
3794,24.0,102.0
3795,24.0,157.0
3796,24.0,78.0
3797,24.0,116.0
3798,24.0,103.0
3799,24.0,103.0
3800,24.0,153.0
3801,24.0,98.0
3802,24.0,145.0
3803,24.0,124.0
3804,26.0,74.0
3805,26.0,124.0
3806,24.0,139.0
3807,28.0,54.0
3808,24.0,131.0
3809,26.0,59.0
3810,26.0,107.0
3811,28.0,133.0
3812,24.0,107.0
3813,28.0,131.0
3814,26.0,107.0
3815,26.0,141.0
3816,24.0,67.0
3817,28.0,126.0
3818,26.0,68.0
3819,26.0,111.0
3820,26.0,112.0
3821,26.0,102.0
3822,26.0,112.0
3823,24.0,114.0
3824,28.0,102.0
3825,26.0,77.0
3826,26.0,100.0
3827,24.0,72.0
3828,28.0,79.0
3829,26.0,110.0
3830,26.0,79.0
3831,24.0,81.0
3832,28.0,106.0
3833,26.0,54.0
3834,26.0,81.0
3835,24.0,99.0
3836,28.0,84.0
3837,26.0,81.0
3838,26.0,80.0
3839,24.0,76.0
3840,24.0,58.0
3841,28.0,77.0
3842,26.0,91.0
3843,26.0,57.0
3844,24.0,75.0
3845,28.0,54.0
3846,26.0,75.0
3847,28.0,77.0
3848,24.0,46.0
3849,24.0,75.0
3850,24.0,46.0
3851,28.0,74.0
3852,24.0,46.0
3853,24.0,92.0
3854,24.0,92.0
3855,24.0,83.0
3856,24.0,64.0
3857,24.0,80.0
3858,24.0,78.0
3859,24.0,60.0
3860,24.0,92.0
3861,24.0,58.0
3862,38.0,92.0
3863,24.0,64.0
3864,38.0,58.0
3865,24.0,78.0
3866,24.0,59.0
3867,25.0,77.0
3868,24.0,54.0
3869,25.0,77.0
3870,62.0,86.0
3871,24.0,57.0
3872,25.0,88.0
3873,54.0,59.0
3874,24.0,65.0
3875,25.0,61.0
3876,54.0,94.0
3877,62.0,94.0
3878,24.0,99.0
3879,25.0,61.0
3880,24.0,94.0
3881,62.0,90.0
3882,24.0,96.0
3883,25.0,64.0
3884,54.0,90.0
3885,24.0,86.0
3886,25.0,66.0
3887,54.0,89.0
3888,62.0,66.0
3889,25.0,79.0
3890,54.0,86.0
3891,62.0,50.0
3892,25.0,93.0
3893,25.0,107.0
3894,54.0,93.0
3895,62.0,66.0
3896,25.0,111.0
3897,25.0,59.0
3898,54.0,58.0
3899,54.0,111.0
3900,62.0,48.0
3901,25.0,60.0
3902,25.0,112.0
3903,54.0,43.0
3904,62.0,97.0
3905,25.0,38.0
3906,24.0,115.0
3907,62.0,69.0
3908,25.0,120.0
3909,24.0,117.0
3910,54.0,44.0
3911,62.0,71.0
3912,25.0,42.0
3913,24.0,70.0
3914,40.0,56.0
3915,62.0,122.0
3916,24.0,47.0
3917,25.0,106.0
3918,24.0,64.0
3919,40.0,62.0
3920,62.0,114.0
3921,24.0,59.0
3922,25.0,64.0
3923,25.0,114.0
3924,24.0,64.0
3925,24.0,60.0
3926,24.0,122.0
3927,25.0,121.0
3928,25.0,158.0
3929,24.0,117.0
3930,24.0,71.0
3931,24.0,61.0
3932,24.0,163.0
3933,24.0,88.0
3934,24.0,85.0
3935,24.0,65.0
3936,24.0,169.0
3937,24.0,89.0
3938,24.0,165.0
3939,24.0,64.0
3940,24.0,129.0
3941,24.0,66.0
3942,24.0,129.0
3943,24.0,66.0
3944,24.0,86.0
3945,24.0,66.0
3946,24.0,133.0
3947,24.0,126.0
3948,24.0,119.0
3949,24.0,64.0
3950,24.0,115.0
3951,24.0,127.0
3952,24.0,112.0
3953,24.0,113.0
3954,24.0,96.0
3955,24.0,109.0
3956,24.0,94.0
3957,24.0,46.0
3958,24.0,95.0
3959,24.0,45.0
3960,24.0,35.0
3961,24.0,90.0
3962,24.0,88.0
3963,24.0,105.0
3964,24.0,88.0
3965,24.0,96.0
3966,24.0,79.0
3967,24.0,101.0
3968,24.0,95.0
3969,24.0,58.0
3970,24.0,102.0
3971,24.0,87.0
3972,24.0,63.0
3973,24.0,183.0
3974,24.0,94.0
3975,24.0,93.0
3976,24.0,89.0
3977,24.0,89.0
3978,24.0,78.0
3979,24.0,89.0
3980,24.0,78.0
3981,24.0,68.0
3982,24.0,78.0
3983,24.0,71.0
3984,24.0,83.0
3985,24.0,55.0
3986,24.0,78.0
3987,24.0,47.0
3988,24.0,77.0
3989,24.0,53.0
3990,24.0,53.0
3991,24.0,81.0
3992,24.0,43.0
3993,24.0,47.0
3994,24.0,81.0
3995,24.0,45.0
3996,24.0,39.0
3997,24.0,227.0
3998,24.0,87.0
3999,24.0,39.0
4000,24.0,28.0
4001,24.0,91.0
4002,24.0,28.0
4003,24.0,63.0
4004,24.0,94.0
4005,24.0,62.0
4006,24.0,94.0
4007,24.0,69.0
4008,24.0,39.0
4009,24.0,250.0
4010,24.0,39.0
4011,24.0,101.0
4012,24.0,39.0
4013,24.0,57.0
4014,24.0,38.0
4015,24.0,255.0
4016,24.0,57.0
4017,24.0,104.0
4018,24.0,41.0
4019,24.0,260.0
4020,24.0,85.0
4021,24.0,44.0
4022,24.0,253.0
4023,24.0,81.0
4024,24.0,61.0
4025,24.0,75.0
4026,24.0,256.0
4027,24.0,51.0
4028,24.0,253.0
4029,24.0,51.0
4030,24.0,89.0
4031,24.0,245.0
4032,24.0,213.0
4033,24.0,73.0
4034,24.0,58.0
4035,24.0,58.0
4036,24.0,74.0
4037,24.0,92.0
4038,24.0,92.0
4039,24.0,64.0
4040,24.0,186.0
4041,24.0,88.0
4042,24.0,78.0
4043,24.0,71.0
4044,24.0,68.0
4045,24.0,96.0
4046,24.0,196.0
4047,24.0,71.0
4048,24.0,101.0
4049,24.0,71.0
4050,24.0,83.0
4051,24.0,73.0
4052,24.0,59.0
4053,24.0,146.0
4054,24.0,73.0
4055,24.0,99.0
4056,24.0,61.0
4057,25.0,55.0
4058,24.0,73.0
4059,25.0,73.0
4060,24.0,68.0
4061,25.0,82.0
4062,24.0,77.0
4063,25.0,77.0
4064,24.0,74.0
4065,25.0,114.0
4066,24.0,73.0
4067,25.0,108.0
4068,50.0,72.0
4069,24.0,76.0
4070,25.0,72.0
4071,50.0,57.0
4072,50.0,53.0
4073,24.0,116.0
4074,25.0,52.0
4075,50.0,94.0
4076,50.0,52.0
4077,24.0,52.0
4078,25.0,49.0
4079,24.0,123.0
4080,25.0,49.0
4081,24.0,47.0
4082,24.0,125.0
4083,24.0,107.0
4084,25.0,100.0
4085,70.0,96.0
4086,50.0,90.0
4087,24.0,100.0
4088,24.0,101.0
4089,50.0,100.0
4090,70.0,93.0
4091,24.0,73.0
4092,50.0,101.0
4093,70.0,72.0
4094,24.0,79.0
4095,24.0,72.0
4096,50.0,135.0
4097,50.0,97.0
4098,70.0,79.0
4099,70.0,53.0
4100,24.0,79.0
4101,24.0,137.0
4102,50.0,78.0
4103,70.0,137.0
4104,24.0,58.0
4105,24.0,81.0
4106,24.0,105.0
4107,24.0,125.0
4108,24.0,76.0
4109,24.0,76.0
4110,50.0,59.0
4111,70.0,128.0
4112,24.0,122.0
4113,70.0,83.0
4114,24.0,91.0
4115,24.0,82.0
4116,24.0,132.0
4117,24.0,84.0
4118,70.0,96.0
4119,24.0,76.0
4120,24.0,84.0
4121,71.0,76.0
4122,24.0,78.0
4123,25.0,135.0
4124,71.0,80.0
4125,24.0,70.0
4126,24.0,135.0
4127,25.0,135.0
4128,71.0,106.0
4129,24.0,128.0
4130,24.0,111.0
4131,25.0,113.0
4132,25.0,91.0
4133,24.0,105.0
4134,25.0,91.0
4135,25.0,88.0
4136,25.0,126.0
4137,24.0,126.0
4138,24.0,115.0
4139,25.0,106.0
4140,24.0,90.0
4141,24.0,112.0
4142,25.0,105.0
4143,27.0,100.0
4144,24.0,106.0
4145,27.0,106.0
4146,27.0,110.0
4147,24.0,94.0
4148,27.0,109.0
4149,32.0,92.0
4150,24.0,92.0
4151,27.0,119.0
4152,27.0,117.0
4153,24.0,118.0
4154,32.0,100.0
4155,24.0,113.0
4156,27.0,114.0
4157,27.0,95.0
4158,32.0,91.0
4159,24.0,73.0
4160,33.0,99.0
4161,27.0,124.0
4162,26.0,123.0
4163,27.0,103.0
4164,32.0,100.0
4165,26.0,100.0
4166,26.0,116.0
4167,26.0,76.0
4168,24.0,184.0
4169,26.0,71.0
4170,26.0,108.0
4171,24.0,71.0
4172,33.0,184.0
4173,26.0,130.0
4174,24.0,76.0
4175,33.0,129.0
4176,26.0,107.0
4177,26.0,128.0
4178,24.0,175.0
4179,33.0,172.0
4180,26.0,120.0
4181,26.0,120.0
4182,24.0,103.0
4183,33.0,181.0
4184,26.0,103.0
4185,24.0,107.0
4186,33.0,107.0
4187,24.0,100.0
4188,24.0,96.0
4189,24.0,94.0
4190,33.0,117.0
4191,24.0,205.0
4192,24.0,97.0
4193,24.0,174.0
4194,33.0,97.0
4195,24.0,153.0
4196,24.0,97.0
4197,24.0,189.0
4198,24.0,123.0
4199,25.0,70.0
4200,24.0,126.0
4201,24.0,70.0
4202,24.0,125.0
4203,25.0,189.0
4204,24.0,134.0
4205,24.0,178.0
4206,27.0,86.0
4207,25.0,138.0
4208,24.0,106.0
4209,27.0,117.0
4210,25.0,100.0
4211,24.0,118.0
4212,27.0,85.0
4213,27.0,126.0
4214,24.0,85.0
4215,27.0,192.0
4216,27.0,83.0
4217,43.0,193.0
4218,27.0,73.0
4219,27.0,71.0
4220,42.0,99.0
4221,27.0,129.0
4222,27.0,199.0
4223,42.0,129.0
4224,42.0,79.0
4225,27.0,72.0
4226,27.0,124.0
4227,42.0,122.0
4228,27.0,72.0
4229,27.0,120.0
4230,27.0,64.0
4231,28.0,104.0
4232,28.0,36.0
4233,28.0,104.0
4234,28.0,35.0
4235,28.0,92.0
4236,28.0,42.0
4237,27.0,65.0
4238,25.0,67.0
4239,27.0,40.0
4240,25.0,58.0
4241,25.0,107.0
4242,25.0,41.0
4243,25.0,102.0
4244,25.0,62.0
4245,25.0,102.0
4246,25.0,41.0
4247,25.0,99.0
4248,25.0,136.0
4249,25.0,39.0
4250,25.0,49.0
4251,25.0,30.0
4252,25.0,102.0
4253,25.0,30.0
4254,25.0,102.0
4255,24.0,113.0
4256,24.0,35.0
4257,24.0,35.0
4258,24.0,65.0
4259,24.0,61.0
4260,24.0,40.0
4261,24.0,125.0
4262,103.0,40.0
4263,24.0,125.0
4264,103.0,64.0
4265,24.0,125.0
4266,24.0,66.0
4267,103.0,62.0
4268,26.0,44.0
4269,103.0,125.0
4270,26.0,135.0
4271,103.0,67.0
4272,127.0,113.0
4273,26.0,95.0
4274,103.0,70.0
4275,26.0,140.0
4276,103.0,88.0
4277,39.0,70.0
4278,127.0,61.0
4279,26.0,60.0
4280,103.0,156.0
4281,39.0,60.0
4282,127.0,72.0
4283,26.0,60.0
4284,103.0,71.0
4285,39.0,143.0
4286,26.0,72.0
4287,103.0,64.0
4288,39.0,64.0
4289,127.0,78.0
4290,26.0,87.0
4291,103.0,152.0
4292,39.0,78.0
4293,127.0,84.0
4294,26.0,82.0
4295,103.0,72.0
4296,39.0,70.0
4297,127.0,66.0
4298,26.0,153.0
4299,26.0,75.0
4300,127.0,71.0
4301,40.0,74.0
4302,40.0,68.0
4303,26.0,174.0
4304,109.0,68.0
4305,40.0,80.0
4306,109.0,90.0
4307,24.0,71.0
4308,109.0,76.0
4309,40.0,174.0
4310,24.0,91.0
4311,109.0,169.0
4312,40.0,78.0
4313,24.0,87.0
4314,109.0,82.0
4315,40.0,80.0
4316,24.0,77.0
4317,24.0,83.0
4318,25.0,79.0
4319,24.0,67.0
4320,54.0,144.0
4321,24.0,92.0
4322,25.0,144.0
4323,24.0,92.0
4324,54.0,77.0
4325,24.0,71.0
4326,25.0,71.0
4327,24.0,68.0
4328,54.0,67.0
4329,24.0,71.0
4330,24.0,64.0
4331,24.0,170.0
4332,25.0,76.0
4333,24.0,60.0
4334,54.0,76.0
4335,24.0,133.0
4336,25.0,61.0
4337,24.0,118.0
4338,54.0,118.0
4339,24.0,109.0
4340,54.0,75.0
4341,24.0,103.0
4342,24.0,145.0
4343,24.0,98.0
4344,54.0,79.0
4345,24.0,79.0
4346,24.0,82.0
4347,24.0,64.0
4348,54.0,81.0
4349,24.0,89.0
4350,24.0,79.0
4351,24.0,88.0
4352,54.0,64.0
4353,24.0,88.0
4354,24.0,168.0
4355,24.0,66.0
4356,24.0,65.0
4357,24.0,88.0
4358,54.0,39.0
4359,24.0,69.0
4360,24.0,172.0
4361,24.0,70.0
4362,54.0,172.0
4363,24.0,70.0
4364,54.0,175.0
4365,24.0,69.0
4366,24.0,105.0
4367,24.0,105.0
4368,24.0,73.0
4369,24.0,59.0
4370,24.0,106.0
4371,24.0,61.0
4372,24.0,61.0
4373,24.0,93.0
4374,24.0,60.0
4375,24.0,89.0
4376,24.0,58.0
4377,24.0,54.0
4378,24.0,53.0
4379,24.0,85.0
4380,24.0,55.0
4381,24.0,71.0
4382,24.0,65.0
4383,24.0,66.0
4384,24.0,220.0
4385,24.0,66.0
4386,24.0,53.0
4387,24.0,132.0
4388,24.0,75.0
4389,24.0,62.0
4390,24.0,130.0
4391,24.0,230.0
4392,24.0,130.0
4393,24.0,71.0
4394,24.0,132.0
4395,24.0,233.0
4396,24.0,214.0
4397,24.0,214.0
4398,24.0,100.0
4399,24.0,100.0
4400,24.0,85.0
4401,24.0,98.0
4402,24.0,78.0
4403,24.0,223.0
4404,24.0,73.0
4405,24.0,73.0
4406,24.0,224.0
4407,24.0,144.0
4408,24.0,88.0
4409,24.0,72.0
4410,24.0,120.0
4411,24.0,136.0
4412,24.0,71.0
4413,24.0,131.0
4414,24.0,136.0
4415,24.0,90.0
4416,24.0,78.0
4417,24.0,93.0
4418,24.0,76.0
4419,24.0,125.0
4420,24.0,76.0
4421,24.0,76.0
4422,24.0,131.0
4423,24.0,71.0
4424,24.0,65.0
4425,24.0,92.0
4426,24.0,56.0
4427,24.0,169.0
4428,24.0,45.0
4429,24.0,166.0
4430,24.0,150.0
4431,24.0,48.0
4432,24.0,132.0
4433,24.0,156.0
4434,24.0,45.0
4435,24.0,44.0
4436,24.0,158.0
4437,24.0,42.0
4438,24.0,143.0
4439,24.0,158.0
4440,24.0,143.0
4441,24.0,43.0
4442,24.0,143.0
4443,24.0,123.0
4444,24.0,116.0
4445,24.0,116.0
4446,24.0,52.0
4447,24.0,130.0
4448,24.0,52.0
4449,24.0,104.0
4450,24.0,104.0
4451,24.0,51.0
4452,24.0,51.0
4453,24.0,128.0
4454,24.0,129.0
4455,24.0,129.0
4456,24.0,116.0
4457,24.0,59.0
4458,24.0,135.0
4459,24.0,116.0
4460,24.0,100.0
4461,24.0,113.0
4462,24.0,98.0
4463,24.0,98.0
4464,24.0,134.0
4465,24.0,99.0
4466,24.0,58.0
4467,24.0,49.0
4468,24.0,140.0
4469,24.0,49.0
4470,24.0,140.0
4471,24.0,143.0
4472,24.0,98.0
4473,24.0,144.0
4474,24.0,92.0
4475,24.0,132.0
4476,24.0,88.0
4477,24.0,89.0
4478,24.0,65.0
4479,24.0,62.0
4480,24.0,62.0
4481,24.0,145.0
4482,24.0,59.0
4483,24.0,140.0
4484,24.0,107.0
4485,24.0,135.0
4486,24.0,135.0
4487,24.0,106.0
4488,24.0,109.0
4489,24.0,142.0
4490,24.0,99.0
4491,24.0,133.0
4492,24.0,130.0
4493,24.0,104.0
4494,24.0,106.0
4495,24.0,132.0
4496,24.0,104.0
4497,24.0,176.0
4498,24.0,109.0
4499,24.0,102.0
4500,24.0,109.0
4501,24.0,141.0
4502,24.0,64.0
4503,24.0,64.0
4504,24.0,144.0
4505,24.0,118.0
4506,24.0,131.0
4507,24.0,105.0
4508,24.0,98.0
4509,24.0,74.0
4510,24.0,129.0
4511,24.0,127.0
4512,24.0,77.0
4513,24.0,134.0
4514,24.0,102.0
4515,24.0,131.0
4516,24.0,134.0
4517,25.0,102.0
4518,24.0,130.0
4519,25.0,98.0
4520,24.0,129.0
4521,25.0,94.0
4522,24.0,130.0
4523,25.0,130.0
4524,24.0,80.0
4525,24.0,152.0
4526,24.0,75.0
4527,24.0,88.0
4528,25.0,106.0
4529,24.0,103.0
4530,24.0,88.0
4531,39.0,89.0
4532,25.0,156.0
4533,24.0,84.0
4534,39.0,84.0
4535,24.0,112.0
4536,24.0,103.0
4537,39.0,151.0
4538,24.0,92.0
4539,25.0,88.0
4540,24.0,115.0
4541,27.0,88.0
4542,24.0,89.0
4543,27.0,78.0
4544,24.0,118.0
4545,47.0,75.0
4546,24.0,118.0
4547,27.0,51.0
4548,47.0,123.0
4549,24.0,56.0
4550,27.0,127.0
4551,47.0,44.0
4552,27.0,120.0
4553,47.0,192.0
4554,24.0,193.0
4555,26.0,124.0
4556,47.0,133.0
4557,24.0,125.0
4558,26.0,124.0
4559,47.0,125.0
4560,24.0,118.0
4561,26.0,110.0
4562,47.0,118.0
4563,24.0,110.0
4564,26.0,66.0
4565,47.0,204.0
4566,24.0,127.0
4567,26.0,118.0
4568,47.0,131.0
4569,24.0,69.0
4570,26.0,127.0
4571,32.0,64.0
4572,24.0,123.0
4573,26.0,104.0
4574,24.0,127.0
4575,32.0,103.0
4576,26.0,126.0
4577,24.0,80.0
4578,32.0,77.0
4579,24.0,132.0
4580,24.0,76.0
4581,24.0,115.0
4582,26.0,73.0
4583,26.0,115.0
4584,24.0,66.0
4585,24.0,56.0
4586,26.0,53.0
4587,26.0,46.0
4588,24.0,94.0
4589,24.0,73.0
4590,24.0,46.0
4591,24.0,94.0
4592,24.0,46.0
4593,24.0,96.0
4594,26.0,71.0
4595,24.0,49.0
4596,26.0,100.0
4597,24.0,175.0
4598,24.0,68.0
4599,106.0,54.0
4600,26.0,178.0
4601,24.0,50.0
4602,25.0,150.0
4603,106.0,51.0
4604,26.0,136.0
4605,24.0,41.0
4606,25.0,39.0
4607,106.0,133.0
4608,25.0,39.0
4609,106.0,106.0
4610,25.0,94.0
4611,106.0,37.0
4612,25.0,106.0
4613,106.0,94.0
4614,37.0,89.0
4615,25.0,134.0
4616,106.0,90.0
4617,37.0,90.0
4618,25.0,128.0
4619,106.0,81.0
4620,37.0,128.0
4621,25.0,81.0
4622,107.0,57.0
4623,37.0,104.0
4624,37.0,59.0
4625,25.0,87.0
4626,107.0,59.0
4627,62.0,89.0
4628,37.0,60.0
4629,25.0,117.0
4630,107.0,120.0
4631,25.0,55.0
4632,107.0,117.0
4633,26.0,55.0
4634,37.0,118.0
4635,24.0,56.0
4636,24.0,54.0
4637,25.0,108.0
4638,62.0,54.0
4639,37.0,108.0
4640,24.0,143.0
4641,26.0,58.0
4642,61.0,134.0
4643,37.0,58.0
4644,26.0,89.0
4645,61.0,136.0
4646,61.0,88.0
4647,37.0,107.0
4648,37.0,71.0
4649,24.0,111.0
4650,61.0,95.0
4651,61.0,111.0
4652,37.0,97.0
4653,24.0,87.0
4654,26.0,85.0
4655,24.0,140.0
4656,26.0,71.0
4657,24.0,144.0
4658,24.0,140.0
4659,26.0,110.0
4660,61.0,76.0
4661,24.0,103.0
4662,24.0,103.0
4663,61.0,146.0
4664,26.0,109.0
4665,61.0,112.0
4666,25.0,108.0
4667,31.0,107.0
4668,26.0,112.0
4669,61.0,85.0
4670,31.0,115.0
4671,26.0,113.0
4672,26.0,106.0
4673,61.0,92.0
4674,24.0,90.0
4675,31.0,126.0
4676,26.0,110.0
4677,24.0,84.0
4678,31.0,122.0
4679,24.0,84.0
4680,48.0,108.0
4681,24.0,68.0
4682,31.0,83.0
4683,26.0,61.0
4684,48.0,85.0
4685,31.0,74.0
4686,26.0,64.0
4687,48.0,136.0
4688,31.0,60.0
4689,26.0,56.0
4690,48.0,69.0
4691,31.0,54.0
4692,26.0,143.0
4693,24.0,50.0
4694,32.0,142.0
4695,48.0,115.0
4696,31.0,147.0
4697,26.0,115.0
4698,24.0,144.0
4699,24.0,106.0
4700,47.0,144.0
4701,25.0,76.0
4702,24.0,105.0
4703,32.0,143.0
4704,27.0,80.0
4705,47.0,110.0
4706,24.0,81.0
4707,32.0,86.0
4708,25.0,87.0
4709,47.0,79.0
4710,25.0,73.0
4711,24.0,157.0
4712,47.0,73.0
4713,25.0,81.0
4714,25.0,154.0
4715,47.0,146.0
4716,24.0,103.0
4717,25.0,78.0
4718,47.0,79.0
4719,27.0,103.0
4720,25.0,103.0
4721,47.0,82.0
4722,27.0,86.0
4723,25.0,86.0
4724,24.0,99.0
4725,25.0,86.0
4726,24.0,100.0
4727,27.0,85.0
4728,25.0,153.0
4729,24.0,58.0
4730,24.0,58.0
4731,27.0,105.0
4732,24.0,109.0
4733,25.0,106.0
4734,24.0,106.0
4735,27.0,69.0
4736,25.0,108.0
4737,27.0,67.0
4738,27.0,102.0
4739,24.0,77.0
4740,27.0,70.0
4741,24.0,73.0
4742,24.0,193.0
4743,24.0,81.0
4744,24.0,62.0
4745,24.0,133.0
4746,24.0,63.0
4747,27.0,129.0
4748,24.0,59.0
4749,24.0,129.0
4750,27.0,62.0
4751,24.0,127.0
4752,24.0,104.0
4753,27.0,104.0
4754,24.0,69.0
4755,27.0,65.0
4756,26.0,105.0
4757,24.0,90.0
4758,24.0,65.0
4759,26.0,98.0
4760,24.0,64.0
4761,24.0,53.0
4762,26.0,154.0
4763,24.0,48.0
4764,26.0,94.0
4765,24.0,47.0
4766,24.0,155.0
4767,94.0,36.0
4768,26.0,35.0
4769,26.0,79.0
4770,94.0,152.0
4771,28.0,36.0
4772,26.0,146.0
4773,28.0,36.0
4774,26.0,146.0
4775,94.0,25.0
4776,28.0,88.0
4777,26.0,144.0
4778,94.0,29.0
4779,28.0,107.0
4780,26.0,29.0
4781,94.0,68.0
4782,94.0,65.0
4783,27.0,103.0
4784,93.0,36.0
4785,27.0,75.0
4786,93.0,110.0
4787,27.0,110.0
4788,93.0,104.0
4789,27.0,75.0
4790,93.0,86.0
4791,27.0,71.0
4792,93.0,87.0
4793,27.0,75.0
4794,78.0,73.0
4795,93.0,66.0
4796,25.0,73.0
4797,78.0,73.0
4798,24.0,66.0
4799,25.0,74.0
4800,24.0,61.0
4801,61.0,61.0
4802,25.0,61.0
4803,78.0,80.0
4804,24.0,63.0
4805,61.0,63.0
4806,25.0,87.0
4807,78.0,62.0
4808,24.0,115.0
4809,24.0,94.0
4810,59.0,70.0
4811,59.0,119.0
4812,25.0,103.0
4813,24.0,126.0
4814,59.0,72.0
4815,59.0,116.0
4816,24.0,103.0
4817,78.0,103.0
4818,24.0,103.0
4819,78.0,65.0
4820,24.0,65.0
4821,24.0,66.0
4822,78.0,65.0
4823,24.0,62.0
4824,59.0,95.0
4825,24.0,56.0
4826,78.0,91.0
4827,24.0,50.0
4828,24.0,49.0
4829,78.0,158.0
4830,24.0,146.0
4831,24.0,42.0
4832,24.0,139.0
4833,78.0,42.0
4834,24.0,139.0
4835,24.0,42.0
4836,78.0,36.0
4837,24.0,142.0
4838,76.0,36.0
4839,24.0,142.0
4840,24.0,138.0
4841,24.0,126.0
4842,26.0,137.0
4843,24.0,97.0
4844,31.0,87.0
4845,26.0,132.0
4846,24.0,83.0
4847,31.0,55.0
4848,26.0,134.0
4849,31.0,83.0
4850,24.0,58.0
4851,31.0,31.0
4852,26.0,28.0
4853,31.0,62.0
4854,24.0,32.0
4855,26.0,66.0
4856,24.0,66.0
4857,26.0,66.0
4858,24.0,39.0
4859,31.0,55.0
4860,26.0,55.0
4861,24.0,55.0
4862,24.0,46.0
4863,31.0,55.0
4864,26.0,46.0
4865,26.0,56.0
4866,24.0,38.0
4867,31.0,37.0
4868,26.0,32.0
4869,31.0,61.0
4870,31.0,61.0
4871,26.0,37.0
4872,24.0,68.0
4873,31.0,36.0
4874,24.0,68.0
4875,24.0,36.0
4876,31.0,68.0
4877,24.0,68.0
4878,24.0,69.0
4879,24.0,65.0
4880,24.0,60.0
4881,24.0,60.0
4882,24.0,60.0
4883,24.0,72.0
4884,24.0,68.0
4885,24.0,66.0
4886,24.0,75.0
4887,24.0,66.0
4888,24.0,65.0
4889,24.0,64.0
4890,24.0,53.0
4891,24.0,66.0
4892,24.0,53.0
4893,24.0,46.0
4894,24.0,49.0
4895,24.0,84.0
4896,24.0,76.0
4897,24.0,67.0
4898,24.0,80.0
4899,24.0,80.0
4900,24.0,70.0
4901,24.0,78.0
4902,24.0,70.0
4903,24.0,63.0
4904,24.0,66.0
4905,24.0,54.0
4906,24.0,54.0
4907,24.0,72.0
4908,24.0,54.0
4909,24.0,56.0
4910,24.0,74.0
4911,24.0,73.0
4912,24.0,66.0
4913,24.0,66.0
4914,24.0,66.0
4915,24.0,62.0
4916,24.0,89.0
4917,24.0,41.0
4918,24.0,41.0
4919,24.0,93.0
4920,24.0,89.0
4921,24.0,74.0
4922,24.0,55.0
4923,24.0,73.0
4924,24.0,60.0
4925,24.0,79.0
4926,24.0,78.0
4927,24.0,78.0
4928,24.0,63.0
4929,24.0,71.0
4930,24.0,70.0
4931,24.0,65.0
4932,24.0,72.0
4933,24.0,61.0
4934,24.0,70.0
4935,24.0,60.0
4936,24.0,65.0
4937,24.0,60.0
4938,24.0,49.0
4939,24.0,42.0
4940,24.0,42.0
4941,24.0,40.0
4942,24.0,68.0
4943,24.0,68.0
4944,24.0,42.0
4945,24.0,70.0
4946,24.0,37.0
4947,24.0,72.0
4948,24.0,56.0
4949,24.0,37.0
4950,24.0,36.0
4951,24.0,46.0
4952,24.0,38.0
4953,24.0,40.0
4954,24.0,34.0
4955,24.0,33.0
4956,24.0,33.0
4957,24.0,33.0
4958,24.0,33.0
4959,24.0,29.0
4960,24.0,29.0
4961,24.0,30.0
4962,24.0,30.0
4963,24.0,27.0
4964,24.0,26.0
4965,24.0,32.0
4966,24.0,32.0
4967,24.0,32.0
4968,24.0,32.0
4969,24.0,39.0
4970,24.0,39.0
4971,24.0,39.0
4972,24.0,39.0
4973,24.0,38.0
4974,24.0,38.0
4975,24.0,47.0
4976,24.0,45.0
4977,24.0,40.0
4978,24.0,40.0
4979,24.0,40.0
4980,24.0,38.0
4981,24.0,33.0
4982,24.0,40.0
4983,24.0,40.0
4984,24.0,42.0
4985,24.0,42.0
4986,24.0,39.0
4987,24.0,37.0
4988,24.0,37.0
4989,24.0,37.0
4990,24.0,37.0
4991,24.0,43.0
4992,24.0,43.0
4993,24.0,43.0
4994,24.0,36.0
4995,24.0,34.0
4996,24.0,39.0
4997,24.0,38.0
4998,24.0,35.0
4999,24.0,44.0
