,wait
0,1.0
1,4.0
2,4.0
3,0.0
4,0.0
5,0.0
6,0.0
7,1.0
8,2.0
9,3.0
10,6.0
11,3.0
12,3.0
13,7.0
14,4.0
15,5.0
16,5.0
17,5.0
18,8.0
19,5.0
20,6.0
21,6.0
22,6.0
23,7.0
24,7.0
25,10.0
26,10.0
27,8.0
28,11.0
29,11.0
30,9.0
31,10.0
32,13.0
33,11.0
34,12.0
35,13.0
36,11.0
37,13.0
38,14.0
39,12.0
40,15.0
41,14.0
42,18.0
43,16.0
44,17.0
45,16.0
46,19.0
47,14.0
48,16.0
49,17.0
50,21.0
51,14.0
52,15.0
53,16.0
54,20.0
55,14.0
56,14.0
57,16.0
58,14.0
59,19.0
60,16.0
61,15.0
62,19.0
63,11.0
64,16.0
65,19.0
66,15.0
67,19.0
68,11.0
69,15.0
70,11.0
71,19.0
72,16.0
73,19.0
74,16.0
75,11.0
76,16.0
77,18.0
78,12.0
79,16.0
80,12.0
81,15.0
82,20.0
83,19.0
84,19.0
85,12.0
86,14.0
87,19.0
88,14.0
89,19.0
90,13.0
91,13.0
92,17.0
93,14.0
94,13.0
95,17.0
96,14.0
97,15.0
98,17.0
99,17.0
100,14.0
101,22.0
102,17.0
103,15.0
104,15.0
105,14.0
106,17.0
107,22.0
108,15.0
109,16.0
110,23.0
111,19.0
112,16.0
113,23.0
114,15.0
115,14.0
116,20.0
117,25.0
118,24.0
119,14.0
120,14.0
121,19.0
122,23.0
123,16.0
124,16.0
125,16.0
126,16.0
127,16.0
128,25.0
129,15.0
130,18.0
131,25.0
132,16.0
133,14.0
134,16.0
135,18.0
136,25.0
137,14.0
138,18.0
139,14.0
140,14.0
141,19.0
142,14.0
143,20.0
144,20.0
145,19.0
146,14.0
147,13.0
148,19.0
149,18.0
150,19.0
151,14.0
152,14.0
153,19.0
154,14.0
155,17.0
156,14.0
157,17.0
158,16.0
159,15.0
160,17.0
161,19.0
162,17.0
163,15.0
164,18.0
165,15.0
166,14.0
167,16.0
168,18.0
169,15.0
170,16.0
171,16.0
172,16.0
173,17.0
174,14.0
175,16.0
176,16.0
177,16.0
178,19.0
179,16.0
180,16.0
181,17.0
182,16.0
183,20.0
184,17.0
185,17.0
186,19.0
187,15.0
188,16.0
189,20.0
190,23.0
191,23.0
192,23.0
193,13.0
194,19.0
195,20.0
196,13.0
197,22.0
198,23.0
199,21.0
200,23.0
201,21.0
202,14.0
203,21.0
204,23.0
205,21.0
206,14.0
207,20.0
208,17.0
209,20.0
210,24.0
211,15.0
212,17.0
213,21.0
214,22.0
215,18.0
216,23.0
217,18.0
218,20.0
219,18.0
220,23.0
221,18.0
222,19.0
223,18.0
224,19.0
225,19.0
226,22.0
227,18.0
228,21.0
229,16.0
230,22.0
231,20.0
232,16.0
233,16.0
234,18.0
235,19.0
236,16.0
237,22.0
238,22.0
239,16.0
240,18.0
241,23.0
242,16.0
243,22.0
244,20.0
245,19.0
246,16.0
247,21.0
248,19.0
249,16.0
250,20.0
251,20.0
252,22.0
253,17.0
254,19.0
255,17.0
256,22.0
257,24.0
258,19.0
259,21.0
260,23.0
261,17.0
262,18.0
263,21.0
264,23.0
265,16.0
266,18.0
267,19.0
268,22.0
269,20.0
270,21.0
271,23.0
272,23.0
273,17.0
274,19.0
275,22.0
276,24.0
277,21.0
278,23.0
279,17.0
280,20.0
281,21.0
282,22.0
283,21.0
284,19.0
285,24.0
286,22.0
287,24.0
288,17.0
289,19.0
290,19.0
291,24.0
292,19.0
293,24.0
294,18.0
295,22.0
296,18.0
297,18.0
298,20.0
299,20.0
300,22.0
301,18.0
302,18.0
303,20.0
304,18.0
305,19.0
306,21.0
307,19.0
308,22.0
309,19.0
310,21.0
311,21.0
312,19.0
313,20.0
314,21.0
315,19.0
316,18.0
317,17.0
318,17.0
319,20.0
320,17.0
321,19.0
322,20.0
323,18.0
324,19.0
325,15.0
326,19.0
327,20.0
328,16.0
329,17.0
330,20.0
331,20.0
332,17.0
333,18.0
334,17.0
335,17.0
336,14.0
337,20.0
338,18.0
339,16.0
340,20.0
341,21.0
342,18.0
343,16.0
344,20.0
345,14.0
346,22.0
347,20.0
348,18.0
349,17.0
350,23.0
351,21.0
352,14.0
353,22.0
354,20.0
355,14.0
356,20.0
357,20.0
358,20.0
359,15.0
360,17.0
361,19.0
362,20.0
363,18.0
364,17.0
365,18.0
366,16.0
367,19.0
368,17.0
369,17.0
370,17.0
371,18.0
372,13.0
373,17.0
374,17.0
375,16.0
376,16.0
377,17.0
378,16.0
379,17.0
380,18.0
381,17.0
382,18.0
383,14.0
384,17.0
385,15.0
386,18.0
387,17.0
388,14.0
389,18.0
390,19.0
391,18.0
392,13.0
393,15.0
394,19.0
395,16.0
396,14.0
397,15.0
398,19.0
399,18.0
400,15.0
401,19.0
402,20.0
403,16.0
404,19.0
405,22.0
406,16.0
407,17.0
408,22.0
409,16.0
410,22.0
411,17.0
412,22.0
413,17.0
414,18.0
415,22.0
416,17.0
417,18.0
418,18.0
419,17.0
420,17.0
421,18.0
422,18.0
423,19.0
424,21.0
425,17.0
426,17.0
427,21.0
428,22.0
429,17.0
430,21.0
431,21.0
432,17.0
433,17.0
434,18.0
435,19.0
436,19.0
437,17.0
438,18.0
439,13.0
440,15.0
441,19.0
442,16.0
443,17.0
444,18.0
445,19.0
446,13.0
447,14.0
448,15.0
449,20.0
450,16.0
451,18.0
452,15.0
453,17.0
454,19.0
455,15.0
456,19.0
457,15.0
458,18.0
459,14.0
460,15.0
461,14.0
462,18.0
463,18.0
464,14.0
465,14.0
466,14.0
467,19.0
468,16.0
469,14.0
470,19.0
471,14.0
472,19.0
473,21.0
474,14.0
475,16.0
476,17.0
477,18.0
478,14.0
479,17.0
480,21.0
481,18.0
482,18.0
483,14.0
484,18.0
485,18.0
486,13.0
487,19.0
488,18.0
489,18.0
490,13.0
491,19.0
492,17.0
493,18.0
494,18.0
495,14.0
496,18.0
497,18.0
498,18.0
499,14.0
500,17.0
501,17.0
502,16.0
503,17.0
504,19.0
505,13.0
506,17.0
507,17.0
508,22.0
509,17.0
510,22.0
511,17.0
512,17.0
513,17.0
514,17.0
515,21.0
516,17.0
517,17.0
518,18.0
519,19.0
520,17.0
521,16.0
522,17.0
523,15.0
524,17.0
525,16.0
526,17.0
527,17.0
528,16.0
529,20.0
530,18.0
531,17.0
532,18.0
533,18.0
534,17.0
535,18.0
536,18.0
537,15.0
538,14.0
539,18.0
540,19.0
541,19.0
542,18.0
543,22.0
544,15.0
545,18.0
546,17.0
547,24.0
548,16.0
549,23.0
550,14.0
551,14.0
552,19.0
553,14.0
554,22.0
555,18.0
556,15.0
557,14.0
558,12.0
559,21.0
560,18.0
561,16.0
562,15.0
563,18.0
564,12.0
565,23.0
566,14.0
567,24.0
568,19.0
569,25.0
570,18.0
571,20.0
572,25.0
573,20.0
574,20.0
575,12.0
576,20.0
577,20.0
578,24.0
579,20.0
580,12.0
581,21.0
582,20.0
583,13.0
584,18.0
585,18.0
586,23.0
587,13.0
588,18.0
589,16.0
590,17.0
591,24.0
592,18.0
593,17.0
594,23.0
595,14.0
596,19.0
597,17.0
598,21.0
599,17.0
600,16.0
601,19.0
602,19.0
603,23.0
604,16.0
605,19.0
606,16.0
607,17.0
608,20.0
609,22.0
610,18.0
611,19.0
612,20.0
613,17.0
614,16.0
615,18.0
616,16.0
617,23.0
618,17.0
619,21.0
620,24.0
621,17.0
622,17.0
623,24.0
624,21.0
625,19.0
626,16.0
627,13.0
628,24.0
629,17.0
630,17.0
631,25.0
632,16.0
633,22.0
634,22.0
635,21.0
636,24.0
637,13.0
638,24.0
639,21.0
640,20.0
641,15.0
642,13.0
643,21.0
644,29.0
645,14.0
646,24.0
647,22.0
648,20.0
649,24.0
650,25.0
651,21.0
652,25.0
653,17.0
654,16.0
655,17.0
656,15.0
657,28.0
658,15.0
659,16.0
660,27.0
661,22.0
662,28.0
663,21.0
664,20.0
665,17.0
666,16.0
667,19.0
668,16.0
669,28.0
670,18.0
671,17.0
672,32.0
673,32.0
674,21.0
675,17.0
676,32.0
677,20.0
678,17.0
679,29.0
680,19.0
681,22.0
682,18.0
683,19.0
684,22.0
685,31.0
686,16.0
687,19.0
688,16.0
689,22.0
690,16.0
691,24.0
692,23.0
693,17.0
694,18.0
695,16.0
696,16.0
697,18.0
698,17.0
699,22.0
700,15.0
701,19.0
702,26.0
703,18.0
704,16.0
705,18.0
706,25.0
707,16.0
708,19.0
709,19.0
710,15.0
711,25.0
712,22.0
713,25.0
714,14.0
715,15.0
716,27.0
717,21.0
718,15.0
719,16.0
720,15.0
721,16.0
722,20.0
723,24.0
724,15.0
725,15.0
726,22.0
727,24.0
728,15.0
729,16.0
730,22.0
731,24.0
732,22.0
733,15.0
734,15.0
735,20.0
736,16.0
737,26.0
738,20.0
739,27.0
740,19.0
741,18.0
742,16.0
743,16.0
744,27.0
745,22.0
746,16.0
747,26.0
748,21.0
749,18.0
750,15.0
751,25.0
752,21.0
753,24.0
754,13.0
755,20.0
756,18.0
757,12.0
758,27.0
759,20.0
760,19.0
761,26.0
762,18.0
763,12.0
764,21.0
765,19.0
766,20.0
767,14.0
768,18.0
769,20.0
770,16.0
771,20.0
772,21.0
773,16.0
774,22.0
775,20.0
776,19.0
777,22.0
778,20.0
779,16.0
780,21.0
781,20.0
782,13.0
783,16.0
784,18.0
785,20.0
786,18.0
787,13.0
788,22.0
789,18.0
790,13.0
791,22.0
792,18.0
793,13.0
794,22.0
795,18.0
796,13.0
797,22.0
798,18.0
799,13.0
800,17.0
801,22.0
802,20.0
803,12.0
804,17.0
805,23.0
806,25.0
807,12.0
808,17.0
809,22.0
810,25.0
811,12.0
812,20.0
813,19.0
814,14.0
815,12.0
816,16.0
817,19.0
818,21.0
819,12.0
820,20.0
821,12.0
822,23.0
823,14.0
824,12.0
825,21.0
826,21.0
827,12.0
828,22.0
829,15.0
830,16.0
831,15.0
832,16.0
833,23.0
834,15.0
835,18.0
836,24.0
837,16.0
838,23.0
839,21.0
840,15.0
841,19.0
842,19.0
843,16.0
844,19.0
845,21.0
846,22.0
847,19.0
848,18.0
849,23.0
850,19.0
851,19.0
852,22.0
853,18.0
854,18.0
855,19.0
856,19.0
857,20.0
858,22.0
859,17.0
860,19.0
861,24.0
862,17.0
863,19.0
864,15.0
865,24.0
866,18.0
867,19.0
868,23.0
869,18.0
870,20.0
871,18.0
872,22.0
873,15.0
874,22.0
875,15.0
876,16.0
877,21.0
878,19.0
879,19.0
880,15.0
881,16.0
882,21.0
883,16.0
884,24.0
885,22.0
886,16.0
887,23.0
888,22.0
889,15.0
890,13.0
891,23.0
892,19.0
893,16.0
894,14.0
895,17.0
896,20.0
897,24.0
898,15.0
899,18.0
900,26.0
901,21.0
902,25.0
903,17.0
904,21.0
905,27.0
906,25.0
907,16.0
908,21.0
909,20.0
910,16.0
911,21.0
912,16.0
913,17.0
914,26.0
915,16.0
916,18.0
917,17.0
918,18.0
919,19.0
920,23.0
921,17.0
922,17.0
923,17.0
924,18.0
925,19.0
926,23.0
927,17.0
928,17.0
929,19.0
930,18.0
931,19.0
932,19.0
933,18.0
934,16.0
935,17.0
936,18.0
937,19.0
938,21.0
939,17.0
940,18.0
941,17.0
942,18.0
943,20.0
944,17.0
945,14.0
946,17.0
947,17.0
948,20.0
949,15.0
950,20.0
951,19.0
952,16.0
953,17.0
954,18.0
955,15.0
956,20.0
957,19.0
958,16.0
959,18.0
960,19.0
961,21.0
962,16.0
963,20.0
964,16.0
965,14.0
966,14.0
967,19.0
968,14.0
969,19.0
970,14.0
971,14.0
972,20.0
973,15.0
974,22.0
975,18.0
976,16.0
977,14.0
978,18.0
979,24.0
980,15.0
981,21.0
982,16.0
983,13.0
984,24.0
985,15.0
986,16.0
987,12.0
988,21.0
989,16.0
990,16.0
991,12.0
992,15.0
993,16.0
994,15.0
995,13.0
996,21.0
997,14.0
998,22.0
999,16.0
1000,14.0
1001,13.0
1002,22.0
1003,14.0
1004,20.0
1005,16.0
1006,17.0
1007,20.0
1008,20.0
1009,14.0
1010,19.0
1011,16.0
1012,13.0
1013,19.0
1014,17.0
1015,12.0
1016,17.0
1017,12.0
1018,17.0
1019,17.0
1020,17.0
1021,12.0
1022,17.0
1023,17.0
1024,27.0
1025,11.0
1026,17.0
1027,26.0
1028,11.0
1029,17.0
1030,24.0
1031,19.0
1032,11.0
1033,17.0
1034,27.0
1035,11.0
1036,17.0
1037,24.0
1038,11.0
1039,17.0
1040,23.0
1041,14.0
1042,29.0
1043,12.0
1044,15.0
1045,30.0
1046,29.0
1047,15.0
1048,14.0
1049,23.0
1050,27.0
1051,19.0
1052,14.0
1053,27.0
1054,15.0
1055,19.0
1056,28.0
1057,15.0
1058,29.0
1059,28.0
1060,21.0
1061,15.0
1062,31.0
1063,15.0
1064,27.0
1065,24.0
1066,24.0
1067,26.0
1068,15.0
1069,30.0
1070,25.0
1071,24.0
1072,30.0
1073,26.0
1074,15.0
1075,30.0
1076,25.0
1077,19.0
1078,30.0
1079,26.0
1080,26.0
1081,19.0
1082,23.0
1083,26.0
1084,28.0
1085,23.0
1086,21.0
1087,17.0
1088,22.0
1089,26.0
1090,20.0
1091,20.0
1092,20.0
1093,18.0
1094,27.0
1095,20.0
1096,18.0
1097,20.0
1098,20.0
1099,19.0
1100,19.0
1101,16.0
1102,19.0
1103,19.0
1104,21.0
1105,13.0
1106,19.0
1107,19.0
1108,13.0
1109,20.0
1110,12.0
1111,21.0
1112,19.0
1113,13.0
1114,19.0
1115,18.0
1116,17.0
1117,19.0
1118,16.0
1119,18.0
1120,16.0
1121,16.0
1122,15.0
1123,14.0
1124,18.0
1125,14.0
1126,19.0
1127,14.0
1128,19.0
1129,14.0
1130,16.0
1131,14.0
1132,17.0
1133,16.0
1134,18.0
1135,14.0
1136,18.0
1137,16.0
1138,14.0
1139,16.0
1140,16.0
1141,18.0
1142,16.0
1143,17.0
1144,13.0
1145,16.0
1146,18.0
1147,16.0
1148,19.0
1149,18.0
1150,14.0
1151,16.0
1152,16.0
1153,17.0
1154,18.0
1155,22.0
1156,24.0
1157,16.0
1158,18.0
1159,17.0
1160,16.0
1161,23.0
1162,18.0
1163,21.0
1164,18.0
1165,24.0
1166,21.0
1167,19.0
1168,18.0
1169,22.0
1170,24.0
1171,20.0
1172,19.0
1173,19.0
1174,25.0
1175,18.0
1176,18.0
1177,19.0
1178,25.0
1179,27.0
1180,20.0
1181,19.0
1182,17.0
1183,27.0
1184,20.0
1185,20.0
1186,18.0
1187,21.0
1188,19.0
1189,20.0
1190,21.0
1191,22.0
1192,21.0
1193,22.0
1194,17.0
1195,22.0
1196,25.0
1197,21.0
1198,16.0
1199,21.0
1200,17.0
1201,23.0
1202,31.0
1203,20.0
1204,27.0
1205,22.0
1206,17.0
1207,30.0
1208,19.0
1209,22.0
1210,18.0
1211,21.0
1212,27.0
1213,16.0
1214,18.0
1215,21.0
1216,17.0
1217,27.0
1218,16.0
1219,19.0
1220,27.0
1221,16.0
1222,21.0
1223,15.0
1224,25.0
1225,18.0
1226,21.0
1227,23.0
1228,19.0
1229,15.0
1230,22.0
1231,18.0
1232,25.0
1233,22.0
1234,20.0
1235,18.0
1236,17.0
1237,28.0
1238,21.0
1239,23.0
1240,17.0
1241,28.0
1242,23.0
1243,18.0
1244,20.0
1245,20.0
1246,20.0
1247,20.0
1248,23.0
1249,18.0
1250,18.0
1251,20.0
1252,19.0
1253,22.0
1254,18.0
1255,18.0
1256,23.0
1257,20.0
1258,23.0
1259,19.0
1260,23.0
1261,23.0
1262,18.0
1263,23.0
1264,17.0
1265,23.0
1266,19.0
1267,16.0
1268,17.0
1269,24.0
1270,20.0
1271,24.0
1272,16.0
1273,23.0
1274,19.0
1275,19.0
1276,25.0
1277,15.0
1278,23.0
1279,20.0
1280,16.0
1281,15.0
1282,22.0
1283,21.0
1284,15.0
1285,15.0
1286,21.0
1287,16.0
1288,16.0
1289,16.0
1290,19.0
1291,14.0
1292,19.0
1293,16.0
1294,16.0
1295,13.0
1296,19.0
1297,13.0
1298,16.0
1299,15.0
1300,18.0
1301,13.0
1302,19.0
1303,13.0
1304,16.0
1305,13.0
1306,17.0
1307,16.0
1308,16.0
1309,17.0
1310,13.0
1311,13.0
1312,15.0
1313,18.0
1314,19.0
1315,17.0
1316,14.0
1317,17.0
1318,18.0
1319,12.0
1320,17.0
1321,17.0
1322,15.0
1323,12.0
1324,17.0
1325,15.0
1326,13.0
1327,17.0
1328,17.0
1329,17.0
1330,14.0
1331,13.0
1332,17.0
1333,17.0
1334,13.0
1335,17.0
1336,14.0
1337,17.0
1338,15.0
1339,13.0
1340,19.0
1341,21.0
1342,17.0
1343,13.0
1344,16.0
1345,20.0
1346,17.0
1347,17.0
1348,19.0
1349,16.0
1350,20.0
1351,19.0
1352,16.0
1353,19.0
1354,18.0
1355,16.0
1356,13.0
1357,19.0
1358,21.0
1359,16.0
1360,18.0
1361,17.0
1362,18.0
1363,19.0
1364,17.0
1365,19.0
1366,18.0
1367,17.0
1368,17.0
1369,19.0
1370,17.0
1371,17.0
1372,21.0
1373,19.0
1374,18.0
1375,19.0
1376,23.0
1377,18.0
1378,19.0
1379,13.0
1380,23.0
1381,18.0
1382,15.0
1383,23.0
1384,16.0
1385,13.0
1386,15.0
1387,24.0
1388,16.0
1389,16.0
1390,23.0
1391,17.0
1392,20.0
1393,17.0
1394,17.0
1395,15.0
1396,26.0
1397,20.0
1398,17.0
1399,20.0
1400,25.0
1401,30.0
1402,15.0
1403,25.0
1404,19.0
1405,32.0
1406,19.0
1407,15.0
1408,27.0
1409,15.0
1410,34.0
1411,15.0
1412,19.0
1413,24.0
1414,34.0
1415,21.0
1416,25.0
1417,21.0
1418,18.0
1419,26.0
1420,27.0
1421,20.0
1422,26.0
1423,17.0
1424,16.0
1425,26.0
1426,25.0
1427,20.0
1428,16.0
1429,29.0
1430,25.0
1431,19.0
1432,15.0
1433,19.0
1434,30.0
1435,25.0
1436,18.0
1437,15.0
1438,25.0
1439,24.0
1440,31.0
1441,19.0
1442,19.0
1443,17.0
1444,31.0
1445,19.0
1446,18.0
1447,18.0
1448,19.0
1449,18.0
1450,16.0
1451,16.0
1452,24.0
1453,19.0
1454,17.0
1455,23.0
1456,25.0
1457,15.0
1458,17.0
1459,15.0
1460,20.0
1461,17.0
1462,17.0
1463,14.0
1464,17.0
1465,17.0
1466,26.0
1467,14.0
1468,17.0
1469,27.0
1470,14.0
1471,17.0
1472,13.0
1473,18.0
1474,25.0
1475,19.0
1476,12.0
1477,15.0
1478,19.0
1479,12.0
1480,23.0
1481,12.0
1482,21.0
1483,18.0
1484,19.0
1485,23.0
1486,12.0
1487,18.0
1488,25.0
1489,12.0
1490,20.0
1491,20.0
1492,24.0
1493,13.0
1494,22.0
1495,24.0
1496,22.0
1497,20.0
1498,14.0
1499,17.0
1500,22.0
1501,23.0
1502,15.0
1503,17.0
1504,18.0
1505,22.0
1506,25.0
1507,16.0
1508,18.0
1509,18.0
1510,24.0
1511,26.0
1512,18.0
1513,21.0
1514,25.0
1515,18.0
1516,21.0
1517,20.0
1518,20.0
1519,25.0
1520,25.0
1521,22.0
1522,19.0
1523,20.0
1524,22.0
1525,22.0
1526,20.0
1527,18.0
1528,22.0
1529,19.0
1530,21.0
1531,18.0
1532,19.0
1533,20.0
1534,18.0
1535,23.0
1536,18.0
1537,20.0
1538,19.0
1539,19.0
1540,21.0
1541,21.0
1542,19.0
1543,20.0
1544,23.0
1545,17.0
1546,19.0
1547,16.0
1548,21.0
1549,23.0
1550,16.0
1551,18.0
1552,26.0
1553,16.0
1554,23.0
1555,18.0
1556,21.0
1557,26.0
1558,18.0
1559,26.0
1560,16.0
1561,25.0
1562,26.0
1563,17.0
1564,26.0
1565,18.0
1566,18.0
1567,21.0
1568,19.0
1569,25.0
1570,16.0
1571,18.0
1572,25.0
1573,15.0
1574,17.0
1575,19.0
1576,16.0
1577,23.0
1578,24.0
1579,23.0
1580,16.0
1581,15.0
1582,16.0
1583,23.0
1584,27.0
1585,16.0
1586,19.0
1587,26.0
1588,19.0
1589,21.0
1590,24.0
1591,19.0
1592,17.0
1593,19.0
1594,23.0
1595,21.0
1596,19.0
1597,20.0
1598,17.0
1599,16.0
1600,20.0
1601,19.0
1602,16.0
1603,19.0
1604,15.0
1605,16.0
1606,17.0
1607,17.0
1608,20.0
1609,15.0
1610,16.0
1611,19.0
1612,15.0
1613,19.0
1614,18.0
1615,16.0
1616,19.0
1617,17.0
1618,18.0
1619,19.0
1620,15.0
1621,17.0
1622,18.0
1623,19.0
1624,14.0
1625,13.0
1626,19.0
1627,14.0
1628,15.0
1629,14.0
1630,18.0
1631,13.0
1632,14.0
1633,13.0
1634,18.0
1635,14.0
1636,13.0
1637,14.0
1638,16.0
1639,13.0
1640,19.0
1641,14.0
1642,15.0
1643,20.0
1644,19.0
1645,13.0
1646,19.0
1647,20.0
1648,13.0
1649,19.0
1650,20.0
1651,17.0
1652,19.0
1653,13.0
1654,20.0
1655,19.0
1656,14.0
1657,22.0
1658,14.0
1659,18.0
1660,14.0
1661,24.0
1662,17.0
1663,19.0
1664,17.0
1665,22.0
1666,17.0
1667,17.0
1668,16.0
1669,17.0
1670,23.0
1671,17.0
1672,17.0
1673,17.0
1674,25.0
1675,19.0
1676,15.0
1677,25.0
1678,18.0
1679,20.0
1680,26.0
1681,18.0
1682,13.0
1683,26.0
1684,21.0
1685,17.0
1686,26.0
1687,19.0
1688,24.0
1689,15.0
1690,19.0
1691,19.0
1692,22.0
1693,21.0
1694,18.0
1695,17.0
1696,21.0
1697,21.0
1698,16.0
1699,18.0
1700,22.0
1701,21.0
1702,21.0
1703,16.0
1704,21.0
1705,20.0
1706,15.0
1707,22.0
1708,13.0
1709,21.0
1710,21.0
1711,23.0
1712,18.0
1713,18.0
1714,13.0
1715,18.0
1716,18.0
1717,23.0
1718,12.0
1719,19.0
1720,17.0
1721,16.0
1722,28.0
1723,18.0
1724,18.0
1725,14.0
1726,17.0
1727,30.0
1728,30.0
1729,19.0
1730,19.0
1731,15.0
1732,19.0
1733,15.0
1734,29.0
1735,19.0
1736,19.0
1737,36.0
1738,15.0
1739,17.0
1740,19.0
1741,17.0
1742,19.0
1743,17.0
1744,19.0
1745,15.0
1746,17.0
1747,17.0
1748,19.0
1749,36.0
1750,17.0
1751,19.0
1752,35.0
1753,17.0
1754,17.0
1755,19.0
1756,29.0
1757,34.0
1758,17.0
1759,32.0
1760,15.0
1761,21.0
1762,20.0
1763,17.0
1764,21.0
1765,23.0
1766,17.0
1767,22.0
1768,16.0
1769,31.0
1770,17.0
1771,16.0
1772,18.0
1773,21.0
1774,28.0
1775,17.0
1776,33.0
1777,20.0
1778,18.0
1779,20.0
1780,21.0
1781,30.0
1782,19.0
1783,21.0
1784,22.0
1785,19.0
1786,26.0
1787,33.0
1788,20.0
1789,23.0
1790,19.0
1791,24.0
1792,23.0
1793,20.0
1794,24.0
1795,20.0
1796,23.0
1797,23.0
1798,27.0
1799,24.0
1800,20.0
1801,23.0
1802,27.0
1803,18.0
1804,23.0
1805,18.0
1806,23.0
1807,26.0
1808,23.0
1809,23.0
1810,24.0
1811,18.0
1812,23.0
1813,24.0
1814,19.0
1815,24.0
1816,25.0
1817,21.0
1818,16.0
1819,26.0
1820,23.0
1821,20.0
1822,20.0
1823,17.0
1824,26.0
1825,20.0
1826,17.0
1827,26.0
1828,19.0
1829,24.0
1830,20.0
1831,19.0
1832,19.0
1833,23.0
1834,19.0
1835,20.0
1836,23.0
1837,19.0
1838,21.0
1839,19.0
1840,22.0
1841,22.0
1842,20.0
1843,24.0
1844,21.0
1845,21.0
1846,20.0
1847,24.0
1848,23.0
1849,26.0
1850,17.0
1851,23.0
1852,25.0
1853,16.0
1854,24.0
1855,26.0
1856,20.0
1857,16.0
1858,22.0
1859,23.0
1860,16.0
1861,22.0
1862,24.0
1863,22.0
1864,24.0
1865,17.0
1866,25.0
1867,23.0
1868,24.0
1869,21.0
1870,20.0
1871,19.0
1872,19.0
1873,20.0
1874,16.0
1875,21.0
1876,16.0
1877,19.0
1878,22.0
1879,17.0
1880,21.0
1881,19.0
1882,22.0
1883,16.0
1884,19.0
1885,20.0
1886,17.0
1887,19.0
1888,20.0
1889,20.0
1890,19.0
1891,16.0
1892,22.0
1893,17.0
1894,19.0
1895,15.0
1896,22.0
1897,17.0
1898,20.0
1899,17.0
1900,22.0
1901,20.0
1902,17.0
1903,20.0
1904,17.0
1905,20.0
1906,16.0
1907,17.0
1908,19.0
1909,21.0
1910,17.0
1911,17.0
1912,18.0
1913,23.0
1914,20.0
1915,17.0
1916,17.0
1917,17.0
1918,17.0
1919,17.0
1920,22.0
1921,15.0
1922,15.0
1923,16.0
1924,21.0
1925,16.0
1926,15.0
1927,21.0
1928,16.0
1929,21.0
1930,20.0
1931,19.0
1932,16.0
1933,15.0
1934,16.0
1935,14.0
1936,15.0
1937,19.0
1938,15.0
1939,13.0
1940,17.0
1941,14.0
1942,13.0
1943,25.0
1944,16.0
1945,25.0
1946,14.0
1947,14.0
1948,24.0
1949,13.0
1950,17.0
1951,12.0
1952,13.0
1953,18.0
1954,13.0
1955,13.0
1956,12.0
1957,26.0
1958,18.0
1959,13.0
1960,26.0
1961,13.0
1962,17.0
1963,16.0
1964,16.0
1965,25.0
1966,13.0
1967,26.0
1968,16.0
1969,16.0
1970,15.0
1971,26.0
1972,15.0
1973,16.0
1974,26.0
1975,17.0
1976,16.0
1977,22.0
1978,18.0
1979,17.0
1980,17.0
1981,18.0
1982,18.0
1983,18.0
1984,18.0
1985,18.0
1986,18.0
1987,22.0
1988,17.0
1989,17.0
1990,23.0
1991,17.0
1992,18.0
1993,14.0
1994,22.0
1995,18.0
1996,17.0
1997,20.0
1998,20.0
1999,18.0
2000,18.0
2001,14.0
2002,17.0
2003,20.0
2004,17.0
2005,19.0
2006,18.0
2007,17.0
2008,19.0
2009,15.0
2010,18.0
2011,21.0
2012,17.0
2013,13.0
2014,21.0
2015,13.0
2016,15.0
2017,16.0
2018,22.0
2019,20.0
2020,19.0
2021,18.0
2022,21.0
2023,22.0
2024,12.0
2025,17.0
2026,20.0
2027,22.0
2028,17.0
2029,24.0
2030,15.0
2031,17.0
2032,15.0
2033,17.0
2034,20.0
2035,17.0
2036,17.0
2037,15.0
2038,16.0
2039,17.0
2040,18.0
2041,21.0
2042,16.0
2043,16.0
2044,25.0
2045,18.0
2046,16.0
2047,25.0
2048,18.0
2049,20.0
2050,21.0
2051,21.0
2052,16.0
2053,20.0
2054,20.0
2055,18.0
2056,17.0
2057,20.0
2058,20.0
2059,16.0
2060,20.0
2061,22.0
2062,19.0
2063,20.0
2064,19.0
2065,16.0
2066,19.0
2067,20.0
2068,18.0
2069,17.0
2070,19.0
2071,16.0
2072,21.0
2073,21.0
2074,19.0
2075,16.0
2076,21.0
2077,21.0
2078,19.0
2079,21.0
2080,20.0
2081,21.0
2082,16.0
2083,20.0
2084,19.0
2085,17.0
2086,22.0
2087,19.0
2088,20.0
2089,19.0
2090,21.0
2091,16.0
2092,17.0
2093,21.0
2094,19.0
2095,15.0
2096,20.0
2097,20.0
2098,16.0
2099,15.0
2100,16.0
2101,15.0
2102,18.0
2103,20.0
2104,15.0
2105,15.0
2106,18.0
2107,15.0
2108,20.0
2109,19.0
2110,22.0
2111,14.0
2112,17.0
2113,20.0
2114,13.0
2115,15.0
2116,21.0
2117,18.0
2118,16.0
2119,15.0
2120,17.0
2121,16.0
2122,24.0
2123,17.0
2124,25.0
2125,21.0
2126,17.0
2127,16.0
2128,23.0
2129,18.0
2130,17.0
2131,17.0
2132,18.0
2133,17.0
2134,21.0
2135,25.0
2136,19.0
2137,18.0
2138,25.0
2139,20.0
2140,20.0
2141,25.0
2142,25.0
2143,19.0
2144,30.0
2145,20.0
2146,18.0
2147,25.0
2148,29.0
2149,28.0
2150,20.0
2151,19.0
2152,27.0
2153,29.0
2154,21.0
2155,18.0
2156,27.0
2157,18.0
2158,21.0
2159,19.0
2160,27.0
2161,16.0
2162,29.0
2163,22.0
2164,16.0
2165,18.0
2166,22.0
2167,29.0
2168,22.0
2169,18.0
2170,29.0
2171,23.0
2172,16.0
2173,19.0
2174,23.0
2175,13.0
2176,28.0
2177,23.0
2178,29.0
2179,14.0
2180,19.0
2181,23.0
2182,28.0
2183,17.0
2184,14.0
2185,23.0
2186,23.0
2187,18.0
2188,15.0
2189,21.0
2190,19.0
2191,21.0
2192,15.0
2193,19.0
2194,20.0
2195,18.0
2196,18.0
2197,20.0
2198,19.0
2199,19.0
2200,16.0
2201,20.0
2202,18.0
2203,19.0
2204,18.0
2205,17.0
2206,18.0
2207,21.0
2208,18.0
2209,21.0
2210,19.0
2211,16.0
2212,21.0
2213,21.0
2214,17.0
2215,17.0
2216,22.0
2217,20.0
2218,18.0
2219,16.0
2220,17.0
2221,22.0
2222,20.0
2223,20.0
2224,22.0
2225,20.0
2226,20.0
2227,20.0
2228,17.0
2229,20.0
2230,19.0
2231,19.0
2232,19.0
2233,18.0
2234,19.0
2235,16.0
2236,18.0
2237,17.0
2238,19.0
2239,19.0
2240,19.0
2241,19.0
2242,18.0
2243,16.0
2244,19.0
2245,19.0
2246,16.0
2247,18.0
2248,16.0
2249,21.0
2250,16.0
2251,22.0
2252,20.0
2253,19.0
2254,19.0
2255,20.0
2256,18.0
2257,19.0
2258,18.0
2259,16.0
2260,17.0
2261,16.0
2262,16.0
2263,20.0
2264,17.0
2265,15.0
2266,16.0
2267,16.0
2268,17.0
2269,16.0
2270,15.0
2271,16.0
2272,17.0
2273,15.0
2274,16.0
2275,16.0
2276,15.0
2277,16.0
2278,18.0
2279,17.0
2280,17.0
2281,14.0
2282,15.0
2283,16.0
2284,14.0
2285,15.0
2286,17.0
2287,17.0
2288,14.0
2289,15.0
2290,17.0
2291,14.0
2292,12.0
2293,17.0
2294,15.0
2295,14.0
2296,13.0
2297,17.0
2298,15.0
2299,12.0
2300,16.0
2301,15.0
2302,13.0
2303,16.0
2304,15.0
2305,15.0
2306,11.0
2307,15.0
2308,15.0
2309,13.0
2310,16.0
2311,13.0
2312,18.0
2313,13.0
2314,17.0
2315,18.0
2316,13.0
2317,15.0
2318,13.0
2319,13.0
2320,17.0
2321,21.0
2322,17.0
2323,19.0
2324,22.0
2325,21.0
2326,17.0
2327,20.0
2328,21.0
2329,17.0
2330,20.0
2331,21.0
2332,20.0
2333,17.0
2334,23.0
2335,21.0
2336,17.0
2337,21.0
2338,22.0
2339,21.0
2340,17.0
2341,20.0
2342,21.0
2343,17.0
2344,21.0
2345,20.0
2346,15.0
2347,22.0
2348,16.0
2349,17.0
2350,21.0
2351,25.0
2352,27.0
2353,16.0
2354,20.0
2355,17.0
2356,28.0
2357,16.0
2358,25.0
2359,18.0
2360,16.0
2361,20.0
2362,28.0
2363,21.0
2364,17.0
2365,20.0
2366,20.0
2367,29.0
2368,16.0
2369,20.0
2370,13.0
2371,17.0
2372,32.0
2373,21.0
2374,21.0
2375,17.0
2376,31.0
2377,17.0
2378,20.0
2379,29.0
2380,28.0
2381,17.0
2382,16.0
2383,19.0
2384,17.0
2385,17.0
2386,29.0
2387,17.0
2388,17.0
2389,21.0
2390,16.0
2391,29.0
2392,28.0
2393,22.0
2394,14.0
2395,16.0
2396,28.0
2397,19.0
2398,17.0
2399,16.0
2400,20.0
2401,14.0
2402,17.0
2403,18.0
2404,23.0
2405,16.0
2406,14.0
2407,24.0
2408,18.0
2409,16.0
2410,16.0
2411,21.0
2412,12.0
2413,18.0
2414,20.0
2415,16.0
2416,16.0
2417,20.0
2418,18.0
2419,21.0
2420,13.0
2421,19.0
2422,16.0
2423,21.0
2424,16.0
2425,21.0
2426,17.0
2427,20.0
2428,16.0
2429,16.0
2430,21.0
2431,15.0
2432,16.0
2433,19.0
2434,19.0
2435,18.0
2436,20.0
2437,18.0
2438,17.0
2439,16.0
2440,19.0
2441,16.0
2442,18.0
2443,22.0
2444,21.0
2445,16.0
2446,18.0
2447,21.0
2448,17.0
2449,20.0
2450,16.0
2451,17.0
2452,16.0
2453,20.0
2454,17.0
2455,23.0
2456,16.0
2457,18.0
2458,17.0
2459,21.0
2460,15.0
2461,13.0
2462,22.0
2463,18.0
2464,15.0
2465,13.0
2466,23.0
2467,20.0
2468,13.0
2469,22.0
2470,17.0
2471,22.0
2472,20.0
2473,18.0
2474,20.0
2475,18.0
2476,12.0
2477,22.0
2478,16.0
2479,19.0
2480,17.0
2481,16.0
2482,22.0
2483,16.0
2484,17.0
2485,21.0
2486,17.0
2487,16.0
2488,17.0
2489,17.0
2490,17.0
2491,15.0
2492,22.0
2493,17.0
2494,16.0
2495,17.0
2496,17.0
2497,16.0
2498,19.0
2499,17.0
2500,18.0
2501,20.0
2502,18.0
2503,20.0
2504,18.0
2505,18.0
2506,18.0
2507,18.0
2508,20.0
2509,18.0
2510,18.0
2511,15.0
2512,18.0
2513,16.0
2514,18.0
2515,16.0
2516,19.0
2517,16.0
2518,17.0
2519,18.0
2520,18.0
2521,16.0
2522,18.0
2523,20.0
2524,16.0
2525,18.0
2526,20.0
2527,17.0
2528,15.0
2529,20.0
2530,14.0
2531,17.0
2532,19.0
2533,15.0
2534,19.0
2535,14.0
2536,17.0
2537,24.0
2538,14.0
2539,17.0
2540,18.0
2541,24.0
2542,13.0
2543,17.0
2544,24.0
2545,13.0
2546,24.0
2547,13.0
2548,16.0
2549,13.0
2550,20.0
2551,16.0
2552,22.0
2553,12.0
2554,30.0
2555,16.0
2556,27.0
2557,12.0
2558,22.0
2559,16.0
2560,30.0
2561,16.0
2562,22.0
2563,16.0
2564,13.0
2565,16.0
2566,30.0
2567,16.0
2568,16.0
2569,19.0
2570,18.0
2571,20.0
2572,29.0
2573,18.0
2574,20.0
2575,30.0
2576,20.0
2577,17.0
2578,30.0
2579,17.0
2580,17.0
2581,20.0
2582,20.0
2583,17.0
2584,17.0
2585,20.0
2586,17.0
2587,21.0
2588,22.0
2589,17.0
2590,21.0
2591,20.0
2592,18.0
2593,14.0
2594,18.0
2595,14.0
2596,15.0
2597,13.0
2598,12.0
2599,23.0
2600,16.0
2601,13.0
2602,13.0
2603,20.0
2604,14.0
2605,13.0
2606,24.0
2607,13.0
2608,14.0
2609,26.0
2610,18.0
2611,14.0
2612,14.0
2613,20.0
2614,25.0
2615,19.0
2616,14.0
2617,19.0
2618,20.0
2619,12.0
2620,14.0
2621,20.0
2622,12.0
2623,12.0
2624,15.0
2625,21.0
2626,12.0
2627,15.0
2628,21.0
2629,22.0
2630,12.0
2631,12.0
2632,15.0
2633,15.0
2634,21.0
2635,24.0
2636,23.0
2637,12.0
2638,15.0
2639,18.0
2640,25.0
2641,24.0
2642,18.0
2643,11.0
2644,15.0
2645,24.0
2646,17.0
2647,11.0
2648,24.0
2649,11.0
2650,11.0
2651,20.0
2652,17.0
2653,18.0
2654,20.0
2655,18.0
2656,23.0
2657,19.0
2658,18.0
2659,18.0
2660,16.0
2661,21.0
2662,18.0
2663,17.0
2664,22.0
2665,18.0
2666,20.0
2667,17.0
2668,16.0
2669,24.0
2670,17.0
2671,19.0
2672,20.0
2673,21.0
2674,18.0
2675,19.0
2676,20.0
2677,22.0
2678,18.0
2679,22.0
2680,18.0
2681,17.0
2682,26.0
2683,21.0
2684,17.0
2685,17.0
2686,22.0
2687,17.0
2688,14.0
2689,14.0
2690,25.0
2691,17.0
2692,14.0
2693,14.0
2694,23.0
2695,15.0
2696,14.0
2697,30.0
2698,23.0
2699,16.0
2700,31.0
2701,21.0
2702,32.0
2703,21.0
2704,15.0
2705,12.0
2706,32.0
2707,21.0
2708,19.0
2709,23.0
2710,33.0
2711,12.0
2712,18.0
2713,14.0
2714,20.0
2715,17.0
2716,28.0
2717,14.0
2718,31.0
2719,20.0
2720,14.0
2721,17.0
2722,17.0
2723,27.0
2724,20.0
2725,16.0
2726,21.0
2727,16.0
2728,20.0
2729,22.0
2730,28.0
2731,16.0
2732,22.0
2733,29.0
2734,16.0
2735,17.0
2736,16.0
2737,22.0
2738,16.0
2739,24.0
2740,21.0
2741,20.0
2742,16.0
2743,21.0
2744,22.0
2745,17.0
2746,21.0
2747,17.0
2748,21.0
2749,20.0
2750,17.0
2751,17.0
2752,20.0
2753,20.0
2754,15.0
2755,16.0
2756,19.0
2757,16.0
2758,20.0
2759,16.0
2760,16.0
2761,16.0
2762,20.0
2763,16.0
2764,15.0
2765,17.0
2766,12.0
2767,15.0
2768,11.0
2769,19.0
2770,14.0
2771,17.0
2772,11.0
2773,17.0
2774,16.0
2775,11.0
2776,18.0
2777,21.0
2778,18.0
2779,18.0
2780,12.0
2781,21.0
2782,18.0
2783,21.0
2784,17.0
2785,14.0
2786,16.0
2787,23.0
2788,18.0
2789,20.0
2790,16.0
2791,23.0
2792,15.0
2793,20.0
2794,20.0
2795,21.0
2796,17.0
2797,20.0
2798,21.0
2799,18.0
2800,21.0
2801,16.0
2802,20.0
2803,18.0
2804,16.0
2805,20.0
2806,20.0
2807,18.0
2808,20.0
2809,16.0
2810,13.0
2811,20.0
2812,13.0
2813,19.0
2814,21.0
2815,20.0
2816,14.0
2817,12.0
2818,21.0
2819,18.0
2820,20.0
2821,14.0
2822,20.0
2823,13.0
2824,22.0
2825,17.0
2826,25.0
2827,13.0
2828,16.0
2829,15.0
2830,15.0
2831,14.0
2832,24.0
2833,16.0
2834,13.0
2835,16.0
2836,23.0
2837,13.0
2838,19.0
2839,23.0
2840,15.0
2841,16.0
2842,14.0
2843,19.0
2844,26.0
2845,16.0
2846,14.0
2847,16.0
2848,23.0
2849,14.0
2850,15.0
2851,20.0
2852,15.0
2853,23.0
2854,14.0
2855,24.0
2856,13.0
2857,20.0
2858,15.0
2859,23.0
2860,21.0
2861,13.0
2862,14.0
2863,15.0
2864,21.0
2865,21.0
2866,13.0
2867,14.0
2868,20.0
2869,15.0
2870,20.0
2871,17.0
2872,15.0
2873,22.0
2874,17.0
2875,20.0
2876,20.0
2877,14.0
2878,16.0
2879,16.0
2880,19.0
2881,13.0
2882,19.0
2883,18.0
2884,16.0
2885,19.0
2886,14.0
2887,19.0
2888,16.0
2889,19.0
2890,18.0
2891,16.0
2892,19.0
2893,16.0
2894,16.0
2895,19.0
2896,20.0
2897,19.0
2898,16.0
2899,19.0
2900,19.0
2901,18.0
2902,16.0
2903,19.0
2904,16.0
2905,22.0
2906,19.0
2907,15.0
2908,20.0
2909,23.0
2910,20.0
2911,23.0
2912,16.0
2913,19.0
2914,23.0
2915,16.0
2916,18.0
2917,20.0
2918,16.0
2919,18.0
2920,16.0
2921,18.0
2922,18.0
2923,23.0
2924,13.0
2925,17.0
2926,15.0
2927,29.0
2928,17.0
2929,17.0
2930,15.0
2931,29.0
2932,13.0
2933,28.0
2934,15.0
2935,14.0
2936,18.0
2937,16.0
2938,24.0
2939,14.0
2940,16.0
2941,24.0
2942,14.0
2943,13.0
2944,20.0
2945,16.0
2946,24.0
2947,12.0
2948,15.0
2949,23.0
2950,19.0
2951,12.0
2952,18.0
2953,26.0
2954,14.0
2955,12.0
2956,14.0
2957,26.0
2958,18.0
2959,14.0
2960,13.0
2961,28.0
2962,14.0
2963,22.0
2964,28.0
2965,18.0
2966,24.0
2967,26.0
2968,16.0
2969,18.0
2970,14.0
2971,18.0
2972,18.0
2973,26.0
2974,18.0
2975,18.0
2976,21.0
2977,15.0
2978,18.0
2979,28.0
2980,18.0
2981,18.0
2982,20.0
2983,18.0
2984,28.0
2985,21.0
2986,18.0
2987,21.0
2988,19.0
2989,30.0
2990,18.0
2991,21.0
2992,20.0
2993,20.0
2994,29.0
2995,19.0
2996,26.0
2997,21.0
2998,21.0
2999,20.0
3000,22.0
3001,23.0
3002,16.0
3003,24.0
3004,14.0
3005,27.0
3006,25.0
3007,21.0
3008,21.0
3009,26.0
3010,14.0
3011,21.0
3012,14.0
3013,22.0
3014,13.0
3015,21.0
3016,13.0
3017,20.0
3018,27.0
3019,17.0
3020,13.0
3021,16.0
3022,20.0
3023,27.0
3024,16.0
3025,16.0
3026,27.0
3027,19.0
3028,16.0
3029,15.0
3030,19.0
3031,24.0
3032,14.0
3033,24.0
3034,19.0
3035,14.0
3036,20.0
3037,24.0
3038,24.0
3039,14.0
3040,17.0
3041,24.0
3042,24.0
3043,13.0
3044,21.0
3045,17.0
3046,28.0
3047,14.0
3048,18.0
3049,19.0
3050,14.0
3051,19.0
3052,17.0
3053,23.0
3054,19.0
3055,23.0
3056,20.0
3057,25.0
3058,23.0
3059,25.0
3060,23.0
3061,17.0
3062,25.0
3063,25.0
3064,26.0
3065,26.0
3066,23.0
3067,22.0
3068,26.0
3069,24.0
3070,25.0
3071,23.0
3072,24.0
3073,26.0
3074,24.0
3075,23.0
3076,24.0
3077,23.0
3078,25.0
3079,21.0
3080,26.0
3081,24.0
3082,22.0
3083,22.0
3084,30.0
3085,22.0
3086,23.0
3087,24.0
3088,30.0
3089,22.0
3090,23.0
3091,31.0
3092,20.0
3093,19.0
3094,22.0
3095,19.0
3096,21.0
3097,30.0
3098,17.0
3099,19.0
3100,16.0
3101,33.0
3102,16.0
3103,17.0
3104,17.0
3105,31.0
3106,15.0
3107,18.0
3108,31.0
3109,19.0
3110,14.0
3111,17.0
3112,18.0
3113,22.0
3114,23.0
3115,16.0
3116,20.0
3117,17.0
3118,21.0
3119,22.0
3120,21.0
3121,15.0
3122,24.0
3123,16.0
3124,17.0
3125,22.0
3126,18.0
3127,20.0
3128,18.0
3129,16.0
3130,18.0
3131,16.0
3132,18.0
3133,19.0
3134,18.0
3135,18.0
3136,16.0
3137,17.0
3138,17.0
3139,18.0
3140,17.0
3141,16.0
3142,17.0
3143,17.0
3144,16.0
3145,17.0
3146,16.0
3147,16.0
3148,17.0
3149,16.0
3150,15.0
3151,16.0
3152,15.0
3153,15.0
3154,12.0
3155,15.0
3156,15.0
3157,12.0
3158,15.0
3159,15.0
3160,22.0
3161,12.0
3162,14.0
3163,13.0
3164,24.0
3165,13.0
3166,12.0
3167,22.0
3168,14.0
3169,17.0
3170,16.0
3171,13.0
3172,15.0
3173,11.0
3174,14.0
3175,15.0
3176,15.0
3177,12.0
3178,21.0
3179,17.0
3180,13.0
3181,14.0
3182,16.0
3183,18.0
3184,25.0
3185,26.0
3186,14.0
3187,18.0
3188,15.0
3189,26.0
3190,14.0
3191,15.0
3192,24.0
3193,15.0
3194,14.0
3195,21.0
3196,24.0
3197,19.0
3198,15.0
3199,24.0
3200,14.0
3201,15.0
3202,20.0
3203,24.0
3204,15.0
3205,14.0
3206,15.0
3207,16.0
3208,15.0
3209,21.0
3210,16.0
3211,21.0
3212,15.0
3213,16.0
3214,15.0
3215,18.0
3216,21.0
3217,16.0
3218,14.0
3219,18.0
3220,12.0
3221,18.0
3222,18.0
3223,13.0
3224,19.0
3225,12.0
3226,18.0
3227,11.0
3228,14.0
3229,19.0
3230,18.0
3231,15.0
3232,12.0
3233,18.0
3234,15.0
3235,18.0
3236,18.0
3237,13.0
3238,18.0
3239,15.0
3240,18.0
3241,17.0
3242,19.0
3243,14.0
3244,17.0
3245,16.0
3246,18.0
3247,19.0
3248,16.0
3249,17.0
3250,17.0
3251,18.0
3252,20.0
3253,17.0
3254,17.0
3255,19.0
3256,17.0
3257,20.0
3258,14.0
3259,18.0
3260,20.0
3261,18.0
3262,15.0
3263,20.0
3264,18.0
3265,18.0
3266,19.0
3267,15.0
3268,19.0
3269,18.0
3270,18.0
3271,15.0
3272,16.0
3273,18.0
3274,17.0
3275,15.0
3276,17.0
3277,14.0
3278,17.0
3279,15.0
3280,19.0
3281,15.0
3282,17.0
3283,16.0
3284,19.0
3285,17.0
3286,17.0
3287,17.0
3288,15.0
3289,14.0
3290,17.0
3291,16.0
3292,15.0
3293,13.0
3294,15.0
3295,16.0
3296,16.0
3297,16.0
3298,13.0
3299,15.0
3300,17.0
3301,14.0
3302,13.0
3303,13.0
3304,17.0
3305,14.0
3306,13.0
3307,13.0
3308,14.0
3309,15.0
3310,14.0
3311,14.0
3312,15.0
3313,14.0
3314,14.0
3315,16.0
3316,14.0
3317,14.0
3318,14.0
3319,16.0
3320,16.0
3321,14.0
3322,15.0
3323,15.0
3324,14.0
3325,15.0
3326,14.0
3327,14.0
3328,13.0
3329,15.0
3330,15.0
3331,14.0
3332,13.0
3333,13.0
3334,17.0
3335,13.0
3336,21.0
3337,16.0
3338,21.0
3339,15.0
3340,13.0
3341,17.0
3342,18.0
3343,16.0
3344,21.0
3345,16.0
3346,13.0
3347,16.0
3348,21.0
3349,13.0
3350,22.0
3351,12.0
3352,22.0
3353,17.0
3354,16.0
3355,12.0
3356,17.0
3357,12.0
3358,22.0
3359,22.0
3360,17.0
3361,25.0
3362,23.0
3363,12.0
3364,19.0
3365,23.0
3366,24.0
3367,18.0
3368,16.0
3369,23.0
3370,24.0
3371,16.0
3372,20.0
3373,18.0
3374,25.0
3375,16.0
3376,18.0
3377,16.0
3378,19.0
3379,18.0
3380,16.0
3381,25.0
3382,21.0
3383,15.0
3384,16.0
3385,28.0
3386,20.0
3387,16.0
3388,18.0
3389,26.0
3390,20.0
3391,19.0
3392,18.0
3393,16.0
3394,27.0
3395,19.0
3396,18.0
3397,19.0
3398,28.0
3399,19.0
3400,28.0
3401,18.0
3402,20.0
3403,19.0
3404,20.0
3405,16.0
3406,21.0
3407,16.0
3408,15.0
3409,21.0
3410,16.0
3411,17.0
3412,18.0
3413,16.0
3414,17.0
3415,23.0
3416,23.0
3417,17.0
3418,17.0
3419,23.0
3420,17.0
3421,22.0
3422,20.0
3423,27.0
3424,23.0
3425,17.0
3426,21.0
3427,26.0
3428,19.0
3429,18.0
3430,17.0
3431,21.0
3432,22.0
3433,18.0
3434,19.0
3435,23.0
3436,18.0
3437,23.0
3438,19.0
3439,19.0
3440,23.0
3441,23.0
3442,19.0
3443,18.0
3444,23.0
3445,17.0
3446,22.0
3447,17.0
3448,20.0
3449,19.0
3450,22.0
3451,18.0
3452,21.0
3453,17.0
3454,22.0
3455,20.0
3456,22.0
3457,22.0
3458,19.0
3459,18.0
3460,21.0
3461,17.0
3462,21.0
3463,18.0
3464,17.0
3465,20.0
3466,14.0
3467,18.0
3468,17.0
3469,20.0
3470,18.0
3471,17.0
3472,18.0
3473,19.0
3474,19.0
3475,19.0
3476,16.0
3477,19.0
3478,19.0
3479,19.0
3480,18.0
3481,18.0
3482,15.0
3483,19.0
3484,19.0
3485,22.0
3486,18.0
3487,19.0
3488,21.0
3489,17.0
3490,19.0
3491,16.0
3492,15.0
3493,18.0
3494,15.0
3495,24.0
3496,15.0
3497,20.0
3498,15.0
3499,23.0
3500,18.0
3501,20.0
3502,16.0
3503,23.0
3504,22.0
3505,20.0
3506,17.0
3507,20.0
3508,25.0
3509,20.0
3510,21.0
3511,21.0
3512,16.0
3513,25.0
3514,19.0
3515,16.0
3516,19.0
3517,24.0
3518,15.0
3519,19.0
3520,23.0
3521,20.0
3522,24.0
3523,25.0
3524,15.0
3525,28.0
3526,23.0
3527,15.0
3528,18.0
3529,28.0
3530,15.0
3531,25.0
3532,27.0
3533,13.0
3534,22.0
3535,22.0
3536,13.0
3537,21.0
3538,24.0
3539,24.0
3540,22.0
3541,12.0
3542,27.0
3543,24.0
3544,22.0
3545,22.0
3546,14.0
3547,26.0
3548,17.0
3549,23.0
3550,26.0
3551,22.0
3552,17.0
3553,23.0
3554,27.0
3555,17.0
3556,22.0
3557,28.0
3558,17.0
3559,22.0
3560,24.0
3561,28.0
3562,19.0
3563,21.0
3564,23.0
3565,17.0
3566,19.0
3567,20.0
3568,20.0
3569,19.0
3570,19.0
3571,17.0
3572,21.0
3573,20.0
3574,19.0
3575,15.0
3576,21.0
3577,19.0
3578,20.0
3579,15.0
3580,15.0
3581,20.0
3582,22.0
3583,18.0
3584,19.0
3585,19.0
3586,16.0
3587,15.0
3588,20.0
3589,21.0
3590,15.0
3591,15.0
3592,22.0
3593,19.0
3594,20.0
3595,18.0
3596,20.0
3597,20.0
3598,17.0
3599,18.0
3600,20.0
3601,17.0
3602,20.0
3603,18.0
3604,20.0
3605,17.0
3606,22.0
3607,20.0
3608,17.0
3609,18.0
3610,22.0
3611,20.0
3612,17.0
3613,22.0
3614,19.0
3615,15.0
3616,19.0
3617,17.0
3618,19.0
3619,23.0
3620,22.0
3621,20.0
3622,15.0
3623,19.0
3624,23.0
3625,20.0
3626,23.0
3627,19.0
3628,17.0
3629,19.0
3630,19.0
3631,15.0
3632,19.0
3633,17.0
3634,22.0
3635,14.0
3636,16.0
3637,15.0
3638,15.0
3639,15.0
3640,15.0
3641,18.0
3642,15.0
3643,15.0
3644,14.0
3645,15.0
3646,17.0
3647,14.0
3648,17.0
3649,17.0
3650,14.0
3651,14.0
3652,17.0
3653,14.0
3654,14.0
3655,17.0
3656,16.0
3657,14.0
3658,19.0
3659,17.0
3660,16.0
3661,15.0
3662,19.0
3663,16.0
3664,14.0
3665,19.0
3666,14.0
3667,15.0
3668,20.0
3669,13.0
3670,15.0
3671,20.0
3672,18.0
3673,13.0
3674,15.0
3675,16.0
3676,19.0
3677,13.0
3678,13.0
3679,19.0
3680,21.0
3681,22.0
3682,15.0
3683,20.0
3684,20.0
3685,20.0
3686,19.0
3687,15.0
3688,20.0
3689,13.0
3690,16.0
3691,18.0
3692,20.0
3693,18.0
3694,18.0
3695,16.0
3696,22.0
3697,18.0
3698,18.0
3699,17.0
3700,20.0
3701,17.0
3702,18.0
3703,18.0
3704,18.0
3705,21.0
3706,17.0
3707,17.0
3708,17.0
3709,18.0
3710,17.0
3711,17.0
3712,17.0
3713,20.0
3714,17.0
3715,21.0
3716,16.0
3717,23.0
3718,17.0
3719,17.0
3720,16.0
3721,16.0
3722,21.0
3723,16.0
3724,20.0
3725,16.0
3726,11.0
3727,18.0
3728,17.0
3729,15.0
3730,18.0
3731,17.0
3732,14.0
3733,17.0
3734,18.0
3735,17.0
3736,14.0
3737,18.0
3738,17.0
3739,12.0
3740,16.0
3741,17.0
3742,16.0
3743,15.0
3744,13.0
3745,17.0
3746,18.0
3747,13.0
3748,18.0
3749,17.0
3750,13.0
3751,18.0
3752,17.0
3753,13.0
3754,18.0
3755,13.0
3756,17.0
3757,19.0
3758,16.0
3759,13.0
3760,19.0
3761,19.0
3762,16.0
3763,16.0
3764,21.0
3765,13.0
3766,16.0
3767,19.0
3768,21.0
3769,15.0
3770,15.0
3771,21.0
3772,17.0
3773,15.0
3774,18.0
3775,21.0
3776,15.0
3777,18.0
3778,20.0
3779,21.0
3780,20.0
3781,16.0
3782,16.0
3783,18.0
3784,15.0
3785,20.0
3786,16.0
3787,15.0
3788,15.0
3789,21.0
3790,16.0
3791,20.0
3792,15.0
3793,18.0
3794,15.0
3795,19.0
3796,15.0
3797,18.0
3798,16.0
3799,13.0
3800,14.0
3801,17.0
3802,16.0
3803,17.0
3804,17.0
3805,16.0
3806,13.0
3807,24.0
3808,14.0
3809,17.0
3810,23.0
3811,13.0
3812,18.0
3813,14.0
3814,23.0
3815,14.0
3816,15.0
3817,23.0
3818,15.0
3819,15.0
3820,15.0
3821,15.0
3822,14.0
3823,13.0
3824,24.0
3825,16.0
3826,20.0
3827,12.0
3828,24.0
3829,15.0
3830,25.0
3831,18.0
3832,20.0
3833,12.0
3834,18.0
3835,21.0
3836,25.0
3837,14.0
3838,17.0
3839,24.0
3840,14.0
3841,24.0
3842,17.0
3843,21.0
3844,15.0
3845,24.0
3846,18.0
3847,21.0
3848,18.0
3849,15.0
3850,18.0
3851,18.0
3852,14.0
3853,20.0
3854,18.0
3855,17.0
3856,14.0
3857,16.0
3858,22.0
3859,21.0
3860,21.0
3861,21.0
3862,14.0
3863,21.0
3864,21.0
3865,17.0
3866,21.0
3867,21.0
3868,18.0
3869,16.0
3870,18.0
3871,16.0
3872,25.0
3873,16.0
3874,25.0
3875,17.0
3876,16.0
3877,19.0
3878,21.0
3879,16.0
3880,19.0
3881,19.0
3882,20.0
3883,17.0
3884,17.0
3885,20.0
3886,20.0
3887,20.0
3888,16.0
3889,20.0
3890,19.0
3891,20.0
3892,17.0
3893,20.0
3894,20.0
3895,17.0
3896,20.0
3897,20.0
3898,20.0
3899,16.0
3900,22.0
3901,19.0
3902,19.0
3903,20.0
3904,20.0
3905,19.0
3906,20.0
3907,20.0
3908,19.0
3909,20.0
3910,22.0
3911,14.0
3912,19.0
3913,15.0
3914,22.0
3915,14.0
3916,17.0
3917,21.0
3918,22.0
3919,15.0
3920,23.0
3921,17.0
3922,21.0
3923,15.0
3924,22.0
3925,16.0
3926,21.0
3927,15.0
3928,16.0
3929,20.0
3930,16.0
3931,20.0
3932,16.0
3933,19.0
3934,15.0
3935,20.0
3936,19.0
3937,20.0
3938,16.0
3939,15.0
3940,16.0
3941,19.0
3942,16.0
3943,16.0
3944,19.0
3945,17.0
3946,19.0
3947,16.0
3948,16.0
3949,23.0
3950,18.0
3951,14.0
3952,22.0
3953,16.0
3954,12.0
3955,20.0
3956,14.0
3957,19.0
3958,21.0
3959,12.0
3960,12.0
3961,19.0
3962,12.0
3963,21.0
3964,19.0
3965,20.0
3966,12.0
3967,12.0
3968,20.0
3969,15.0
3970,20.0
3971,19.0
3972,14.0
3973,15.0
3974,22.0
3975,14.0
3976,15.0
3977,18.0
3978,22.0
3979,15.0
3980,14.0
3981,18.0
3982,16.0
3983,23.0
3984,15.0
3985,17.0
3986,24.0
3987,16.0
3988,16.0
3989,17.0
3990,23.0
3991,16.0
3992,17.0
3993,17.0
3994,18.0
3995,14.0
3996,17.0
3997,17.0
3998,17.0
3999,18.0
4000,13.0
4001,17.0
4002,17.0
4003,14.0
4004,20.0
4005,18.0
4006,20.0
4007,14.0
4008,19.0
4009,17.0
4010,14.0
4011,20.0
4012,19.0
4013,14.0
4014,18.0
4015,18.0
4016,18.0
4017,15.0
4018,17.0
4019,16.0
4020,16.0
4021,17.0
4022,17.0
4023,19.0
4024,20.0
4025,17.0
4026,18.0
4027,19.0
4028,16.0
4029,20.0
4030,18.0
4031,19.0
4032,16.0
4033,16.0
4034,17.0
4035,21.0
4036,16.0
4037,19.0
4038,18.0
4039,17.0
4040,18.0
4041,21.0
4042,22.0
4043,18.0
4044,19.0
4045,26.0
4046,22.0
4047,24.0
4048,16.0
4049,26.0
4050,23.0
4051,25.0
4052,23.0
4053,15.0
4054,24.0
4055,23.0
4056,24.0
4057,17.0
4058,18.0
4059,24.0
4060,23.0
4061,23.0
4062,24.0
4063,17.0
4064,18.0
4065,23.0
4066,23.0
4067,23.0
4068,18.0
4069,20.0
4070,20.0
4071,23.0
4072,21.0
4073,19.0
4074,19.0
4075,12.0
4076,22.0
4077,19.0
4078,21.0
4079,17.0
4080,18.0
4081,18.0
4082,16.0
4083,18.0
4084,18.0
4085,18.0
4086,12.0
4087,18.0
4088,23.0
4089,18.0
4090,12.0
4091,22.0
4092,17.0
4093,19.0
4094,13.0
4095,19.0
4096,13.0
4097,13.0
4098,19.0
4099,19.0
4100,13.0
4101,13.0
4102,16.0
4103,20.0
4104,19.0
4105,18.0
4106,14.0
4107,21.0
4108,17.0
4109,18.0
4110,15.0
4111,19.0
4112,21.0
4113,18.0
4114,15.0
4115,19.0
4116,16.0
4117,18.0
4118,19.0
4119,15.0
4120,19.0
4121,18.0
4122,20.0
4123,18.0
4124,17.0
4125,20.0
4126,21.0
4127,18.0
4128,20.0
4129,21.0
4130,18.0
4131,20.0
4132,17.0
4133,20.0
4134,21.0
4135,18.0
4136,19.0
4137,19.0
4138,19.0
4139,20.0
4140,19.0
4141,17.0
4142,17.0
4143,19.0
4144,20.0
4145,19.0
4146,19.0
4147,14.0
4148,18.0
4149,17.0
4150,21.0
4151,14.0
4152,16.0
4153,21.0
4154,14.0
4155,17.0
4156,21.0
4157,16.0
4158,17.0
4159,22.0
4160,18.0
4161,15.0
4162,19.0
4163,17.0
4164,19.0
4165,19.0
4166,16.0
4167,17.0
4168,17.0
4169,17.0
4170,14.0
4171,17.0
4172,17.0
4173,14.0
4174,16.0
4175,18.0
4176,19.0
4177,16.0
4178,18.0
4179,16.0
4180,19.0
4181,14.0
4182,22.0
4183,17.0
4184,18.0
4185,16.0
4186,18.0
4187,17.0
4188,19.0
4189,17.0
4190,17.0
4191,17.0
4192,17.0
4193,17.0
4194,14.0
4195,21.0
4196,18.0
4197,17.0
4198,18.0
4199,13.0
4200,18.0
4201,18.0
4202,16.0
4203,19.0
4204,22.0
4205,18.0
4206,12.0
4207,19.0
4208,18.0
4209,20.0
4210,19.0
4211,19.0
4212,13.0
4213,21.0
4214,22.0
4215,20.0
4216,20.0
4217,19.0
4218,22.0
4219,20.0
4220,13.0
4221,23.0
4222,20.0
4223,21.0
4224,13.0
4225,22.0
4226,12.0
4227,17.0
4228,22.0
4229,12.0
4230,17.0
4231,22.0
4232,12.0
4233,17.0
4234,21.0
4235,12.0
4236,23.0
4237,17.0
4238,12.0
4239,21.0
4240,18.0
4241,24.0
4242,22.0
4243,26.0
4244,12.0
4245,18.0
4246,25.0
4247,18.0
4248,14.0
4249,17.0
4250,18.0
4251,27.0
4252,17.0
4253,17.0
4254,28.0
4255,16.0
4256,16.0
4257,15.0
4258,26.0
4259,20.0
4260,19.0
4261,15.0
4262,16.0
4263,14.0
4264,15.0
4265,19.0
4266,17.0
4267,19.0
4268,14.0
4269,28.0
4270,17.0
4271,28.0
4272,18.0
4273,19.0
4274,28.0
4275,18.0
4276,19.0
4277,16.0
4278,24.0
4279,17.0
4280,20.0
4281,19.0
4282,18.0
4283,25.0
4284,18.0
4285,21.0
4286,22.0
4287,20.0
4288,25.0
4289,18.0
4290,17.0
4291,23.0
4292,21.0
4293,25.0
4294,27.0
4295,18.0
4296,23.0
4297,22.0
4298,21.0
4299,18.0
4300,22.0
4301,19.0
4302,22.0
4303,18.0
4304,20.0
4305,16.0
4306,22.0
4307,18.0
4308,17.0
4309,17.0
4310,22.0
4311,17.0
4312,17.0
4313,19.0
4314,22.0
4315,25.0
4316,23.0
4317,16.0
4318,19.0
4319,24.0
4320,27.0
4321,18.0
4322,24.0
4323,26.0
4324,22.0
4325,24.0
4326,20.0
4327,17.0
4328,24.0
4329,18.0
4330,20.0
4331,24.0
4332,23.0
4333,18.0
4334,18.0
4335,17.0
4336,17.0
4337,16.0
4338,18.0
4339,17.0
4340,18.0
4341,19.0
4342,16.0
4343,18.0
4344,18.0
4345,18.0
4346,19.0
4347,19.0
4348,18.0
4349,17.0
4350,19.0
4351,19.0
4352,15.0
4353,18.0
4354,19.0
4355,15.0
4356,18.0
4357,20.0
4358,14.0
4359,16.0
4360,16.0
4361,15.0
4362,18.0
4363,14.0
4364,15.0
4365,14.0
4366,14.0
4367,15.0
4368,18.0
4369,15.0
4370,15.0
4371,14.0
4372,21.0
4373,19.0
4374,15.0
4375,19.0
4376,14.0
4377,20.0
4378,18.0
4379,18.0
4380,20.0
4381,14.0
4382,18.0
4383,19.0
4384,15.0
4385,20.0
4386,15.0
4387,16.0
4388,15.0
4389,19.0
4390,15.0
4391,16.0
4392,19.0
4393,13.0
4394,16.0
4395,19.0
4396,20.0
4397,16.0
4398,13.0
4399,21.0
4400,15.0
4401,16.0
4402,20.0
4403,14.0
4404,22.0
4405,22.0
4406,15.0
4407,23.0
4408,21.0
4409,15.0
4410,23.0
4411,19.0
4412,21.0
4413,15.0
4414,18.0
4415,22.0
4416,18.0
4417,18.0
4418,18.0
4419,19.0
4420,18.0
4421,21.0
4422,17.0
4423,20.0
4424,21.0
4425,17.0
4426,21.0
4427,20.0
4428,20.0
4429,18.0
4430,27.0
4431,21.0
4432,19.0
4433,22.0
4434,19.0
4435,18.0
4436,18.0
4437,26.0
4438,27.0
4439,19.0
4440,17.0
4441,19.0
4442,20.0
4443,20.0
4444,19.0
4445,17.0
4446,18.0
4447,19.0
4448,28.0
4449,19.0
4450,16.0
4451,18.0
4452,18.0
4453,27.0
4454,19.0
4455,27.0
4456,20.0
4457,19.0
4458,19.0
4459,24.0
4460,17.0
4461,20.0
4462,16.0
4463,24.0
4464,15.0
4465,22.0
4466,16.0
4467,16.0
4468,18.0
4469,22.0
4470,15.0
4471,22.0
4472,15.0
4473,20.0
4474,16.0
4475,22.0
4476,14.0
4477,24.0
4478,13.0
4479,17.0
4480,24.0
4481,18.0
4482,14.0
4483,18.0
4484,24.0
4485,19.0
4486,13.0
4487,26.0
4488,20.0
4489,17.0
4490,14.0
4491,24.0
4492,17.0
4493,14.0
4494,24.0
4495,17.0
4496,24.0
4497,14.0
4498,24.0
4499,24.0
4500,17.0
4501,16.0
4502,19.0
4503,22.0
4504,15.0
4505,26.0
4506,19.0
4507,26.0
4508,22.0
4509,15.0
4510,26.0
4511,26.0
4512,20.0
4513,18.0
4514,16.0
4515,26.0
4516,18.0
4517,20.0
4518,17.0
4519,17.0
4520,18.0
4521,18.0
4522,17.0
4523,17.0
4524,20.0
4525,17.0
4526,16.0
4527,17.0
4528,27.0
4529,15.0
4530,20.0
4531,31.0
4532,18.0
4533,17.0
4534,32.0
4535,20.0
4536,20.0
4537,17.0
4538,30.0
4539,22.0
4540,22.0
4541,20.0
4542,26.0
4543,23.0
4544,20.0
4545,21.0
4546,26.0
4547,22.0
4548,20.0
4549,23.0
4550,20.0
4551,19.0
4552,22.0
4553,23.0
4554,19.0
4555,20.0
4556,27.0
4557,25.0
4558,23.0
4559,18.0
4560,27.0
4561,26.0
4562,26.0
4563,23.0
4564,19.0
4565,20.0
4566,25.0
4567,23.0
4568,25.0
4569,24.0
4570,27.0
4571,19.0
4572,22.0
4573,26.0
4574,19.0
4575,24.0
4576,18.0
4577,19.0
4578,22.0
4579,18.0
4580,17.0
4581,17.0
4582,22.0
4583,16.0
4584,19.0
4585,19.0
4586,17.0
4587,15.0
4588,28.0
4589,19.0
4590,18.0
4591,17.0
4592,34.0
4593,15.0
4594,22.0
4595,33.0
4596,34.0
4597,14.0
4598,18.0
4599,25.0
4600,32.0
4601,14.0
4602,18.0
4603,25.0
4604,28.0
4605,19.0
4606,15.0
4607,19.0
4608,25.0
4609,29.0
4610,15.0
4611,22.0
4612,18.0
4613,25.0
4614,15.0
4615,18.0
4616,24.0
4617,29.0
4618,16.0
4619,18.0
4620,29.0
4621,14.0
4622,18.0
4623,22.0
4624,29.0
4625,15.0
4626,22.0
4627,18.0
4628,28.0
4629,15.0
4630,21.0
4631,20.0
4632,16.0
4633,16.0
4634,22.0
4635,18.0
4636,26.0
4637,19.0
4638,16.0
4639,18.0
4640,23.0
4641,18.0
4642,15.0
4643,19.0
4644,16.0
4645,16.0
4646,22.0
4647,18.0
4648,15.0
4649,15.0
4650,24.0
4651,13.0
4652,21.0
4653,15.0
4654,12.0
4655,20.0
4656,21.0
4657,12.0
4658,21.0
4659,22.0
4660,20.0
4661,15.0
4662,12.0
4663,21.0
4664,17.0
4665,13.0
4666,24.0
4667,18.0
4668,18.0
4669,22.0
4670,13.0
4671,21.0
4672,12.0
4673,21.0
4674,24.0
4675,19.0
4676,12.0
4677,22.0
4678,23.0
4679,24.0
4680,17.0
4681,12.0
4682,17.0
4683,23.0
4684,13.0
4685,16.0
4686,16.0
4687,14.0
4688,14.0
4689,17.0
4690,16.0
4691,14.0
4692,17.0
4693,16.0
4694,21.0
4695,18.0
4696,17.0
4697,23.0
4698,16.0
4699,20.0
4700,21.0
4701,21.0
4702,21.0
4703,20.0
4704,21.0
4705,16.0
4706,17.0
4707,20.0
4708,19.0
4709,19.0
4710,17.0
4711,20.0
4712,17.0
4713,16.0
4714,20.0
4715,15.0
4716,15.0
4717,17.0
4718,15.0
4719,16.0
4720,19.0
4721,15.0
4722,16.0
4723,20.0
4724,15.0
4725,16.0
4726,19.0
4727,16.0
4728,13.0
4729,16.0
4730,13.0
4731,13.0
4732,12.0
4733,14.0
4734,11.0
4735,13.0
4736,13.0
4737,11.0
4738,13.0
4739,13.0
4740,11.0
4741,13.0
4742,11.0
4743,12.0
4744,12.0
4745,11.0
4746,12.0
4747,12.0
4748,11.0
4749,11.0
4750,12.0
4751,12.0
4752,17.0
4753,12.0
4754,17.0
4755,18.0
4756,17.0
4757,14.0
4758,16.0
4759,17.0
4760,14.0
4761,16.0
4762,14.0
4763,16.0
4764,14.0
4765,16.0
4766,17.0
4767,17.0
4768,14.0
4769,17.0
4770,16.0
4771,16.0
4772,14.0
4773,17.0
4774,14.0
4775,16.0
4776,14.0
4777,16.0
4778,17.0
4779,14.0
4780,16.0
4781,17.0
4782,16.0
4783,14.0
4784,17.0
4785,13.0
4786,11.0
4787,11.0
4788,11.0
4789,11.0
4790,11.0
4791,11.0
4792,11.0
4793,11.0
4794,11.0
4795,11.0
4796,11.0
4797,11.0
4798,11.0
4799,11.0
4800,11.0
4801,11.0
4802,11.0
4803,11.0
4804,11.0
4805,11.0
4806,11.0
4807,11.0
4808,12.0
4809,11.0
4810,11.0
4811,12.0
4812,12.0
4813,12.0
4814,12.0
4815,12.0
4816,12.0
4817,12.0
4818,12.0
4819,13.0
4820,13.0
4821,12.0
4822,13.0
4823,14.0
4824,13.0
4825,14.0
4826,13.0
4827,14.0
4828,13.0
4829,14.0
4830,13.0
4831,14.0
4832,13.0
4833,14.0
4834,13.0
4835,14.0
4836,12.0
4837,13.0
4838,12.0
4839,13.0
4840,12.0
4841,13.0
4842,11.0
4843,12.0
4844,11.0
4845,11.0
4846,12.0
4847,11.0
4848,11.0
4849,12.0
4850,11.0
4851,12.0
4852,11.0
4853,12.0
4854,11.0
4855,12.0
4856,11.0
4857,12.0
4858,11.0
4859,12.0
4860,11.0
4861,12.0
4862,11.0
4863,12.0
4864,11.0
4865,12.0
4866,12.0
4867,11.0
4868,13.0
4869,13.0
4870,13.0
4871,12.0
4872,12.0
4873,13.0
4874,12.0
4875,13.0
4876,12.0
4877,13.0
4878,12.0
4879,13.0
4880,12.0
4881,13.0
4882,12.0
4883,13.0
4884,13.0
4885,12.0
4886,13.0
4887,12.0
4888,13.0
4889,12.0
4890,11.0
4891,11.0
4892,11.0
4893,11.0
4894,11.0
4895,11.0
4896,11.0
4897,11.0
4898,11.0
4899,11.0
4900,11.0
4901,11.0
4902,11.0
4903,11.0
4904,11.0
4905,11.0
4906,11.0
4907,11.0
4908,11.0
4909,11.0
4910,11.0
4911,11.0
4912,11.0
4913,11.0
4914,11.0
4915,11.0
4916,11.0
4917,11.0
4918,11.0
4919,11.0
4920,11.0
4921,11.0
4922,11.0
4923,11.0
4924,11.0
4925,11.0
4926,11.0
4927,11.0
4928,11.0
4929,12.0
4930,11.0
4931,12.0
4932,11.0
4933,12.0
4934,11.0
4935,12.0
4936,11.0
4937,12.0
4938,11.0
4939,12.0
4940,11.0
4941,12.0
4942,11.0
4943,12.0
4944,11.0
4945,12.0
4946,11.0
4947,12.0
4948,11.0
4949,12.0
4950,11.0
4951,11.0
4952,11.0
4953,11.0
4954,11.0
4955,12.0
4956,12.0
4957,11.0
4958,11.0
4959,12.0
4960,11.0
4961,13.0
4962,11.0
4963,13.0
4964,13.0
4965,11.0
4966,13.0
4967,11.0
4968,14.0
4969,14.0
4970,14.0
4971,14.0
4972,13.0
4973,13.0
4974,13.0
4975,12.0
4976,12.0
4977,12.0
4978,12.0
4979,11.0
4980,11.0
4981,11.0
4982,11.0
4983,11.0
4984,11.0
4985,11.0
4986,11.0
4987,11.0
4988,11.0
4989,11.0
4990,11.0
4991,11.0
4992,11.0
4993,11.0
4994,11.0
4995,11.0
4996,11.0
4997,11.0
4998,11.0
4999,11.0
